id_execucao,id_cenario,grupo,patologia,n_holders,distribuicao,parametro_dist,n_candidatos,tamanho_comite,turnout,n_aprovacoes,n_blocos,frac_proxy,tam_cartel,orcamento_suborno,frac_exchange,frac_colludida,n_rodadas,vantagem_incumbencia,reinveste_recompensa,metrica,camada,media,ic95,n_runs,seed_base
20260703-154604,1,G10,concentracao_de_recompensas,200,pareto,1.1,100,21,1.0,30,10000,0.0,0,0.0,0.0,0.0,5,0.0,0.0,gini_recompensas,stake,0.662711,0.036604,30,0
20260703-154604,1,G10,concentracao_de_recompensas,200,pareto,1.1,100,21,1.0,30,10000,0.0,0,0.0,0.0,0.0,5,0.0,0.0,gini_recompensas,eleito,0.0,0.0,30,0
20260703-154604,1,G10,concentracao_de_recompensas,200,pareto,1.1,100,21,1.0,30,10000,0.0,0,0.0,0.0,0.0,5,0.0,0.0,gini_recompensas,produzido,0.0,0.0,30,0
20260703-154604,1,G10,concentracao_de_recompensas,200,pareto,1.1,100,21,1.0,30,10000,0.0,0,0.0,0.0,0.0,5,0.0,0.0,numero_efetivo,stake,23.360803,5.599027,30,0
20260703-154604,1,G10,concentracao_de_recompensas,200,pareto,1.1,100,21,1.0,30,10000,0.0,0,0.0,0.0,0.0,5,0.0,0.0,numero_efetivo,eleito,17.254645,0.670877,30,0
20260703-154604,1,G10,concentracao_de_recompensas,200,pareto,1.1,100,21,1.0,30,10000,0.0,0,0.0,0.0,0.0,5,0.0,0.0,numero_efetivo,produzido,17.266841,0.676499,30,0
20260703-154604,2,G10,concentracao_de_recompensas,200,pareto,1.1,100,21,1.0,30,10000,0.0,0,0.0,0.0,0.0,5,0.0,0.25,gini_recompensas,stake,0.809822,0.015485,30,0
20260703-154604,2,G10,concentracao_de_recompensas,200,pareto,1.1,100,21,1.0,30,10000,0.0,0,0.0,0.0,0.0,5,0.0,0.25,gini_recompensas,eleito,0.0,0.0,30,0
20260703-154604,2,G10,concentracao_de_recompensas,200,pareto,1.1,100,21,1.0,30,10000,0.0,0,0.0,0.0,0.0,5,0.0,0.25,gini_recompensas,produzido,0.0,0.0,30,0
20260703-154604,2,G10,concentracao_de_recompensas,200,pareto,1.1,100,21,1.0,30,10000,0.0,0,0.0,0.0,0.0,5,0.0,0.25,numero_efetivo,stake,22.088289,2.223725,30,0
20260703-154604,2,G10,concentracao_de_recompensas,200,pareto,1.1,100,21,1.0,30,10000,0.0,0,0.0,0.0,0.0,5,0.0,0.25,numero_efetivo,eleito,19.745323,0.320896,30,0
20260703-154604,2,G10,concentracao_de_recompensas,200,pareto,1.1,100,21,1.0,30,10000,0.0,0,0.0,0.0,0.0,5,0.0,0.25,numero_efetivo,produzido,19.697287,0.323814,30,0
20260703-154604,3,G10,concentracao_de_recompensas,200,pareto,1.1,100,21,1.0,30,10000,0.0,0,0.0,0.0,0.0,5,0.0,0.5,gini_recompensas,stake,0.860314,0.008611,30,0
20260703-154604,3,G10,concentracao_de_recompensas,200,pareto,1.1,100,21,1.0,30,10000,0.0,0,0.0,0.0,0.0,5,0.0,0.5,gini_recompensas,eleito,0.0,0.0,30,0
20260703-154604,3,G10,concentracao_de_recompensas,200,pareto,1.1,100,21,1.0,30,10000,0.0,0,0.0,0.0,0.0,5,0.0,0.5,gini_recompensas,produzido,0.0,0.0,30,0
20260703-154604,3,G10,concentracao_de_recompensas,200,pareto,1.1,100,21,1.0,30,10000,0.0,0,0.0,0.0,0.0,5,0.0,0.5,numero_efetivo,stake,21.65348,1.139097,30,0
20260703-154604,3,G10,concentracao_de_recompensas,200,pareto,1.1,100,21,1.0,30,10000,0.0,0,0.0,0.0,0.0,5,0.0,0.5,numero_efetivo,eleito,20.466623,0.227067,30,0
20260703-154604,3,G10,concentracao_de_recompensas,200,pareto,1.1,100,21,1.0,30,10000,0.0,0,0.0,0.0,0.0,5,0.0,0.5,numero_efetivo,produzido,20.422297,0.227764,30,0
20260703-154604,4,G10,concentracao_de_recompensas,200,pareto,1.1,100,21,1.0,30,10000,0.0,0,0.0,0.0,0.0,10,0.0,0.0,gini_recompensas,stake,0.662711,0.036604,30,0
20260703-154604,4,G10,concentracao_de_recompensas,200,pareto,1.1,100,21,1.0,30,10000,0.0,0,0.0,0.0,0.0,10,0.0,0.0,gini_recompensas,eleito,0.0,0.0,30,0
20260703-154604,4,G10,concentracao_de_recompensas,200,pareto,1.1,100,21,1.0,30,10000,0.0,0,0.0,0.0,0.0,10,0.0,0.0,gini_recompensas,produzido,0.0,0.0,30,0
20260703-154604,4,G10,concentracao_de_recompensas,200,pareto,1.1,100,21,1.0,30,10000,0.0,0,0.0,0.0,0.0,10,0.0,0.0,numero_efetivo,stake,23.360803,5.599027,30,0
20260703-154604,4,G10,concentracao_de_recompensas,200,pareto,1.1,100,21,1.0,30,10000,0.0,0,0.0,0.0,0.0,10,0.0,0.0,numero_efetivo,eleito,17.398382,0.539948,30,0
20260703-154604,4,G10,concentracao_de_recompensas,200,pareto,1.1,100,21,1.0,30,10000,0.0,0,0.0,0.0,0.0,10,0.0,0.0,numero_efetivo,produzido,17.366423,0.547554,30,0
20260703-154604,5,G10,concentracao_de_recompensas,200,pareto,1.1,100,21,1.0,30,10000,0.0,0,0.0,0.0,0.0,10,0.0,0.25,gini_recompensas,stake,0.872007,0.006041,30,0
20260703-154604,5,G10,concentracao_de_recompensas,200,pareto,1.1,100,21,1.0,30,10000,0.0,0,0.0,0.0,0.0,10,0.0,0.25,gini_recompensas,eleito,0.0,0.0,30,0
20260703-154604,5,G10,concentracao_de_recompensas,200,pareto,1.1,100,21,1.0,30,10000,0.0,0,0.0,0.0,0.0,10,0.0,0.25,gini_recompensas,produzido,0.0,0.0,30,0
20260703-154604,5,G10,concentracao_de_recompensas,200,pareto,1.1,100,21,1.0,30,10000,0.0,0,0.0,0.0,0.0,10,0.0,0.25,numero_efetivo,stake,21.831772,0.706988,30,0
20260703-154604,5,G10,concentracao_de_recompensas,200,pareto,1.1,100,21,1.0,30,10000,0.0,0,0.0,0.0,0.0,10,0.0,0.25,numero_efetivo,eleito,20.607308,0.200292,30,0
20260703-154604,5,G10,concentracao_de_recompensas,200,pareto,1.1,100,21,1.0,30,10000,0.0,0,0.0,0.0,0.0,10,0.0,0.25,numero_efetivo,produzido,20.557259,0.201539,30,0
20260703-154604,6,G10,concentracao_de_recompensas,200,pareto,1.1,100,21,1.0,30,10000,0.0,0,0.0,0.0,0.0,10,0.0,0.5,gini_recompensas,stake,0.892613,0.001864,30,0
20260703-154604,6,G10,concentracao_de_recompensas,200,pareto,1.1,100,21,1.0,30,10000,0.0,0,0.0,0.0,0.0,10,0.0,0.5,gini_recompensas,eleito,0.0,0.0,30,0
20260703-154604,6,G10,concentracao_de_recompensas,200,pareto,1.1,100,21,1.0,30,10000,0.0,0,0.0,0.0,0.0,10,0.0,0.5,gini_recompensas,produzido,0.0,0.0,30,0
20260703-154604,6,G10,concentracao_de_recompensas,200,pareto,1.1,100,21,1.0,30,10000,0.0,0,0.0,0.0,0.0,10,0.0,0.5,numero_efetivo,stake,21.193246,0.16329,30,0
20260703-154604,6,G10,concentracao_de_recompensas,200,pareto,1.1,100,21,1.0,30,10000,0.0,0,0.0,0.0,0.0,10,0.0,0.5,numero_efetivo,eleito,20.931732,0.057693,30,0
20260703-154604,6,G10,concentracao_de_recompensas,200,pareto,1.1,100,21,1.0,30,10000,0.0,0,0.0,0.0,0.0,10,0.0,0.5,numero_efetivo,produzido,20.890168,0.056562,30,0
20260703-154604,7,G10,concentracao_de_recompensas,200,pareto,1.1,100,21,1.0,30,10000,0.0,0,0.0,0.0,0.0,20,0.0,0.0,gini_recompensas,stake,0.662711,0.036604,30,0
20260703-154604,7,G10,concentracao_de_recompensas,200,pareto,1.1,100,21,1.0,30,10000,0.0,0,0.0,0.0,0.0,20,0.0,0.0,gini_recompensas,eleito,0.0,0.0,30,0
20260703-154604,7,G10,concentracao_de_recompensas,200,pareto,1.1,100,21,1.0,30,10000,0.0,0,0.0,0.0,0.0,20,0.0,0.0,gini_recompensas,produzido,0.0,0.0,30,0
20260703-154604,7,G10,concentracao_de_recompensas,200,pareto,1.1,100,21,1.0,30,10000,0.0,0,0.0,0.0,0.0,20,0.0,0.0,numero_efetivo,stake,23.360803,5.599027,30,0
20260703-154604,7,G10,concentracao_de_recompensas,200,pareto,1.1,100,21,1.0,30,10000,0.0,0,0.0,0.0,0.0,20,0.0,0.0,numero_efetivo,eleito,17.137056,0.76359,30,0
20260703-154604,7,G10,concentracao_de_recompensas,200,pareto,1.1,100,21,1.0,30,10000,0.0,0,0.0,0.0,0.0,20,0.0,0.0,numero_efetivo,produzido,17.119852,0.7591,30,0
20260703-154604,8,G10,concentracao_de_recompensas,200,pareto,1.1,100,21,1.0,30,10000,0.0,0,0.0,0.0,0.0,20,0.0,0.25,gini_recompensas,stake,0.893905,0.001247,30,0
20260703-154604,8,G10,concentracao_de_recompensas,200,pareto,1.1,100,21,1.0,30,10000,0.0,0,0.0,0.0,0.0,20,0.0,0.25,gini_recompensas,eleito,0.0,0.0,30,0
20260703-154604,8,G10,concentracao_de_recompensas,200,pareto,1.1,100,21,1.0,30,10000,0.0,0,0.0,0.0,0.0,20,0.0,0.25,gini_recompensas,produzido,0.0,0.0,30,0
20260703-154604,8,G10,concentracao_de_recompensas,200,pareto,1.1,100,21,1.0,30,10000,0.0,0,0.0,0.0,0.0,20,0.0,0.25,numero_efetivo,stake,21.109972,0.114642,30,0
20260703-154604,8,G10,concentracao_de_recompensas,200,pareto,1.1,100,21,1.0,30,10000,0.0,0,0.0,0.0,0.0,20,0.0,0.25,numero_efetivo,eleito,20.92006,0.083499,30,0
20260703-154604,8,G10,concentracao_de_recompensas,200,pareto,1.1,100,21,1.0,30,10000,0.0,0,0.0,0.0,0.0,20,0.0,0.25,numero_efetivo,produzido,20.877743,0.084806,30,0
20260703-154604,9,G10,concentracao_de_recompensas,200,pareto,1.1,100,21,1.0,30,10000,0.0,0,0.0,0.0,0.0,20,0.0,0.5,gini_recompensas,stake,0.895979,7.9e-05,30,0
20260703-154604,9,G10,concentracao_de_recompensas,200,pareto,1.1,100,21,1.0,30,10000,0.0,0,0.0,0.0,0.0,20,0.0,0.5,gini_recompensas,eleito,0.0,0.0,30,0
20260703-154604,9,G10,concentracao_de_recompensas,200,pareto,1.1,100,21,1.0,30,10000,0.0,0,0.0,0.0,0.0,20,0.0,0.5,gini_recompensas,produzido,0.0,0.0,30,0
20260703-154604,9,G10,concentracao_de_recompensas,200,pareto,1.1,100,21,1.0,30,10000,0.0,0,0.0,0.0,0.0,20,0.0,0.5,numero_efetivo,stake,21.000239,0.001303,30,0
20260703-154604,9,G10,concentracao_de_recompensas,200,pareto,1.1,100,21,1.0,30,10000,0.0,0,0.0,0.0,0.0,20,0.0,0.5,numero_efetivo,eleito,21.0,0.0,30,0
20260703-154604,9,G10,concentracao_de_recompensas,200,pareto,1.1,100,21,1.0,30,10000,0.0,0,0.0,0.0,0.0,20,0.0,0.5,numero_efetivo,produzido,20.958008,0.004068,30,0
20260703-154604,10,G10,concentracao_de_recompensas,200,pareto,1.5,100,21,1.0,30,10000,0.0,0,0.0,0.0,0.0,5,0.0,0.0,gini_recompensas,stake,0.468674,0.027708,30,0
20260703-154604,10,G10,concentracao_de_recompensas,200,pareto,1.5,100,21,1.0,30,10000,0.0,0,0.0,0.0,0.0,5,0.0,0.0,gini_recompensas,eleito,0.0,0.0,30,0
20260703-154604,10,G10,concentracao_de_recompensas,200,pareto,1.5,100,21,1.0,30,10000,0.0,0,0.0,0.0,0.0,5,0.0,0.0,gini_recompensas,produzido,0.0,0.0,30,0
20260703-154604,10,G10,concentracao_de_recompensas,200,pareto,1.5,100,21,1.0,30,10000,0.0,0,0.0,0.0,0.0,5,0.0,0.0,numero_efetivo,stake,58.066772,9.656329,30,0
20260703-154604,10,G10,concentracao_de_recompensas,200,pareto,1.5,100,21,1.0,30,10000,0.0,0,0.0,0.0,0.0,5,0.0,0.0,numero_efetivo,eleito,18.172978,0.196088,30,0
20260703-154604,10,G10,concentracao_de_recompensas,200,pareto,1.5,100,21,1.0,30,10000,0.0,0,0.0,0.0,0.0,5,0.0,0.0,numero_efetivo,produzido,18.147027,0.198398,30,0
20260703-154604,11,G10,concentracao_de_recompensas,200,pareto,1.5,100,21,1.0,30,10000,0.0,0,0.0,0.0,0.0,5,0.0,0.25,gini_recompensas,stake,0.728755,0.011492,30,0
20260703-154604,11,G10,concentracao_de_recompensas,200,pareto,1.5,100,21,1.0,30,10000,0.0,0,0.0,0.0,0.0,5,0.0,0.25,gini_recompensas,eleito,0.0,0.0,30,0
20260703-154604,11,G10,concentracao_de_recompensas,200,pareto,1.5,100,21,1.0,30,10000,0.0,0,0.0,0.0,0.0,5,0.0,0.25,gini_recompensas,produzido,0.0,0.0,30,0
20260703-154604,11,G10,concentracao_de_recompensas,200,pareto,1.5,100,21,1.0,30,10000,0.0,0,0.0,0.0,0.0,5,0.0,0.25,numero_efetivo,stake,30.666409,1.780938,30,0
20260703-154604,11,G10,concentracao_de_recompensas,200,pareto,1.5,100,21,1.0,30,10000,0.0,0,0.0,0.0,0.0,5,0.0,0.25,numero_efetivo,eleito,20.446945,0.175573,30,0
20260703-154604,11,G10,concentracao_de_recompensas,200,pareto,1.5,100,21,1.0,30,10000,0.0,0,0.0,0.0,0.0,5,0.0,0.25,numero_efetivo,produzido,20.40525,0.175487,30,0
20260703-154604,12,G10,concentracao_de_recompensas,200,pareto,1.5,100,21,1.0,30,10000,0.0,0,0.0,0.0,0.0,5,0.0,0.5,gini_recompensas,stake,0.818591,0.005989,30,0
20260703-154604,12,G10,concentracao_de_recompensas,200,pareto,1.5,100,21,1.0,30,10000,0.0,0,0.0,0.0,0.0,5,0.0,0.5,gini_recompensas,eleito,0.0,0.0,30,0
20260703-154604,12,G10,concentracao_de_recompensas,200,pareto,1.5,100,21,1.0,30,10000,0.0,0,0.0,0.0,0.0,5,0.0,0.5,gini_recompensas,produzido,0.0,0.0,30,0
20260703-154604,12,G10,concentracao_de_recompensas,200,pareto,1.5,100,21,1.0,30,10000,0.0,0,0.0,0.0,0.0,5,0.0,0.5,numero_efetivo,stake,25.228388,0.60562,30,0
20260703-154604,12,G10,concentracao_de_recompensas,200,pareto,1.5,100,21,1.0,30,10000,0.0,0,0.0,0.0,0.0,5,0.0,0.5,numero_efetivo,eleito,20.895575,0.050675,30,0
20260703-154604,12,G10,concentracao_de_recompensas,200,pareto,1.5,100,21,1.0,30,10000,0.0,0,0.0,0.0,0.0,5,0.0,0.5,numero_efetivo,produzido,20.861647,0.049212,30,0
20260703-154604,13,G10,concentracao_de_recompensas,200,pareto,1.5,100,21,1.0,30,10000,0.0,0,0.0,0.0,0.0,10,0.0,0.0,gini_recompensas,stake,0.468674,0.027708,30,0
20260703-154604,13,G10,concentracao_de_recompensas,200,pareto,1.5,100,21,1.0,30,10000,0.0,0,0.0,0.0,0.0,10,0.0,0.0,gini_recompensas,eleito,0.0,0.0,30,0
20260703-154604,13,G10,concentracao_de_recompensas,200,pareto,1.5,100,21,1.0,30,10000,0.0,0,0.0,0.0,0.0,10,0.0,0.0,gini_recompensas,produzido,0.0,0.0,30,0
20260703-154604,13,G10,concentracao_de_recompensas,200,pareto,1.5,100,21,1.0,30,10000,0.0,0,0.0,0.0,0.0,10,0.0,0.0,numero_efetivo,stake,58.066772,9.656329,30,0
20260703-154604,13,G10,concentracao_de_recompensas,200,pareto,1.5,100,21,1.0,30,10000,0.0,0,0.0,0.0,0.0,10,0.0,0.0,numero_efetivo,eleito,18.117302,0.216945,30,0
20260703-154604,13,G10,concentracao_de_recompensas,200,pareto,1.5,100,21,1.0,30,10000,0.0,0,0.0,0.0,0.0,10,0.0,0.0,numero_efetivo,produzido,18.088472,0.223137,30,0
20260703-154604,14,G10,concentracao_de_recompensas,200,pareto,1.5,100,21,1.0,30,10000,0.0,0,0.0,0.0,0.0,10,0.0,0.25,gini_recompensas,stake,0.842702,0.004278,30,0
20260703-154604,14,G10,concentracao_de_recompensas,200,pareto,1.5,100,21,1.0,30,10000,0.0,0,0.0,0.0,0.0,10,0.0,0.25,gini_recompensas,eleito,0.0,0.0,30,0
20260703-154604,14,G10,concentracao_de_recompensas,200,pareto,1.5,100,21,1.0,30,10000,0.0,0,0.0,0.0,0.0,10,0.0,0.25,gini_recompensas,produzido,0.0,0.0,30,0
20260703-154604,14,G10,concentracao_de_recompensas,200,pareto,1.5,100,21,1.0,30,10000,0.0,0,0.0,0.0,0.0,10,0.0,0.25,numero_efetivo,stake,24.040195,0.354305,30,0
20260703-154604,14,G10,concentracao_de_recompensas,200,pareto,1.5,100,21,1.0,30,10000,0.0,0,0.0,0.0,0.0,10,0.0,0.25,numero_efetivo,eleito,20.924305,0.052018,30,0
20260703-154604,14,G10,concentracao_de_recompensas,200,pareto,1.5,100,21,1.0,30,10000,0.0,0,0.0,0.0,0.0,10,0.0,0.25,numero_efetivo,produzido,20.878049,0.053035,30,0
20260703-154604,15,G10,concentracao_de_recompensas,200,pareto,1.5,100,21,1.0,30,10000,0.0,0,0.0,0.0,0.0,10,0.0,0.5,gini_recompensas,stake,0.885578,0.000882,30,0
20260703-154604,15,G10,concentracao_de_recompensas,200,pareto,1.5,100,21,1.0,30,10000,0.0,0,0.0,0.0,0.0,10,0.0,0.5,gini_recompensas,eleito,0.0,0.0,30,0
20260703-154604,15,G10,concentracao_de_recompensas,200,pareto,1.5,100,21,1.0,30,10000,0.0,0,0.0,0.0,0.0,10,0.0,0.5,gini_recompensas,produzido,0.0,0.0,30,0
20260703-154604,15,G10,concentracao_de_recompensas,200,pareto,1.5,100,21,1.0,30,10000,0.0,0,0.0,0.0,0.0,10,0.0,0.5,numero_efetivo,stake,21.601949,0.039349,30,0
20260703-154604,15,G10,concentracao_de_recompensas,200,pareto,1.5,100,21,1.0,30,10000,0.0,0,0.0,0.0,0.0,10,0.0,0.5,numero_efetivo,eleito,21.0,0.0,30,0
20260703-154604,15,G10,concentracao_de_recompensas,200,pareto,1.5,100,21,1.0,30,10000,0.0,0,0.0,0.0,0.0,10,0.0,0.5,numero_efetivo,produzido,20.955311,0.004312,30,0
20260703-154604,16,G10,concentracao_de_recompensas,200,pareto,1.5,100,21,1.0,30,10000,0.0,0,0.0,0.0,0.0,20,0.0,0.0,gini_recompensas,stake,0.468674,0.027708,30,0
20260703-154604,16,G10,concentracao_de_recompensas,200,pareto,1.5,100,21,1.0,30,10000,0.0,0,0.0,0.0,0.0,20,0.0,0.0,gini_recompensas,eleito,0.0,0.0,30,0
20260703-154604,16,G10,concentracao_de_recompensas,200,pareto,1.5,100,21,1.0,30,10000,0.0,0,0.0,0.0,0.0,20,0.0,0.0,gini_recompensas,produzido,0.0,0.0,30,0
20260703-154604,16,G10,concentracao_de_recompensas,200,pareto,1.5,100,21,1.0,30,10000,0.0,0,0.0,0.0,0.0,20,0.0,0.0,numero_efetivo,stake,58.066772,9.656329,30,0
20260703-154604,16,G10,concentracao_de_recompensas,200,pareto,1.5,100,21,1.0,30,10000,0.0,0,0.0,0.0,0.0,20,0.0,0.0,numero_efetivo,eleito,18.014258,0.337343,30,0
20260703-154604,16,G10,concentracao_de_recompensas,200,pareto,1.5,100,21,1.0,30,10000,0.0,0,0.0,0.0,0.0,20,0.0,0.0,numero_efetivo,produzido,18.002651,0.328734,30,0
20260703-154604,17,G10,concentracao_de_recompensas,200,pareto,1.5,100,21,1.0,30,10000,0.0,0,0.0,0.0,0.0,20,0.0,0.25,gini_recompensas,stake,0.889886,0.000557,30,0
20260703-154604,17,G10,concentracao_de_recompensas,200,pareto,1.5,100,21,1.0,30,10000,0.0,0,0.0,0.0,0.0,20,0.0,0.25,gini_recompensas,eleito,0.0,0.0,30,0
20260703-154604,17,G10,concentracao_de_recompensas,200,pareto,1.5,100,21,1.0,30,10000,0.0,0,0.0,0.0,0.0,20,0.0,0.25,gini_recompensas,produzido,0.0,0.0,30,0
20260703-154604,17,G10,concentracao_de_recompensas,200,pareto,1.5,100,21,1.0,30,10000,0.0,0,0.0,0.0,0.0,20,0.0,0.25,numero_efetivo,stake,21.335545,0.026174,30,0
20260703-154604,17,G10,concentracao_de_recompensas,200,pareto,1.5,100,21,1.0,30,10000,0.0,0,0.0,0.0,0.0,20,0.0,0.25,numero_efetivo,eleito,20.996673,0.006522,30,0
20260703-154604,17,G10,concentracao_de_recompensas,200,pareto,1.5,100,21,1.0,30,10000,0.0,0,0.0,0.0,0.0,20,0.0,0.25,numero_efetivo,produzido,20.955445,0.007065,30,0
20260703-154604,18,G10,concentracao_de_recompensas,200,pareto,1.5,100,21,1.0,30,10000,0.0,0,0.0,0.0,0.0,20,0.0,0.5,gini_recompensas,stake,0.895901,6.6e-05,30,0
20260703-154604,18,G10,concentracao_de_recompensas,200,pareto,1.5,100,21,1.0,30,10000,0.0,0,0.0,0.0,0.0,20,0.0,0.5,gini_recompensas,eleito,0.0,0.0,30,0
20260703-154604,18,G10,concentracao_de_recompensas,200,pareto,1.5,100,21,1.0,30,10000,0.0,0,0.0,0.0,0.0,20,0.0,0.5,gini_recompensas,produzido,0.0,0.0,30,0
20260703-154604,18,G10,concentracao_de_recompensas,200,pareto,1.5,100,21,1.0,30,10000,0.0,0,0.0,0.0,0.0,20,0.0,0.5,numero_efetivo,stake,21.003235,0.001027,30,0
20260703-154604,18,G10,concentracao_de_recompensas,200,pareto,1.5,100,21,1.0,30,10000,0.0,0,0.0,0.0,0.0,20,0.0,0.5,numero_efetivo,eleito,21.0,0.0,30,0
20260703-154604,18,G10,concentracao_de_recompensas,200,pareto,1.5,100,21,1.0,30,10000,0.0,0,0.0,0.0,0.0,20,0.0,0.5,numero_efetivo,produzido,20.958835,0.004224,30,0
20260703-154604,19,G10,concentracao_de_recompensas,200,pareto,2.0,100,21,1.0,30,10000,0.0,0,0.0,0.0,0.0,5,0.0,0.0,gini_recompensas,stake,0.328824,0.017508,30,0
20260703-154604,19,G10,concentracao_de_recompensas,200,pareto,2.0,100,21,1.0,30,10000,0.0,0,0.0,0.0,0.0,5,0.0,0.0,gini_recompensas,eleito,0.0,0.0,30,0
20260703-154604,19,G10,concentracao_de_recompensas,200,pareto,2.0,100,21,1.0,30,10000,0.0,0,0.0,0.0,0.0,5,0.0,0.0,gini_recompensas,produzido,0.0,0.0,30,0
20260703-154604,19,G10,concentracao_de_recompensas,200,pareto,2.0,100,21,1.0,30,10000,0.0,0,0.0,0.0,0.0,5,0.0,0.0,numero_efetivo,stake,104.067899,10.590756,30,0
20260703-154604,19,G10,concentracao_de_recompensas,200,pareto,2.0,100,21,1.0,30,10000,0.0,0,0.0,0.0,0.0,5,0.0,0.0,numero_efetivo,eleito,18.407253,0.182146,30,0
20260703-154604,19,G10,concentracao_de_recompensas,200,pareto,2.0,100,21,1.0,30,10000,0.0,0,0.0,0.0,0.0,5,0.0,0.0,numero_efetivo,produzido,18.376251,0.188798,30,0
20260703-154604,20,G10,concentracao_de_recompensas,200,pareto,2.0,100,21,1.0,30,10000,0.0,0,0.0,0.0,0.0,5,0.0,0.25,gini_recompensas,stake,0.670651,0.007442,30,0
20260703-154604,20,G10,concentracao_de_recompensas,200,pareto,2.0,100,21,1.0,30,10000,0.0,0,0.0,0.0,0.0,5,0.0,0.25,gini_recompensas,eleito,0.0,0.0,30,0
20260703-154604,20,G10,concentracao_de_recompensas,200,pareto,2.0,100,21,1.0,30,10000,0.0,0,0.0,0.0,0.0,5,0.0,0.25,gini_recompensas,produzido,0.0,0.0,30,0
20260703-154604,20,G10,concentracao_de_recompensas,200,pareto,2.0,100,21,1.0,30,10000,0.0,0,0.0,0.0,0.0,5,0.0,0.25,numero_efetivo,stake,36.896146,1.096007,30,0
20260703-154604,20,G10,concentracao_de_recompensas,200,pareto,2.0,100,21,1.0,30,10000,0.0,0,0.0,0.0,0.0,5,0.0,0.25,numero_efetivo,eleito,20.747009,0.071444,30,0
20260703-154604,20,G10,concentracao_de_recompensas,200,pareto,2.0,100,21,1.0,30,10000,0.0,0,0.0,0.0,0.0,5,0.0,0.25,numero_efetivo,produzido,20.703962,0.072838,30,0
20260703-154604,21,G10,concentracao_de_recompensas,200,pareto,2.0,100,21,1.0,30,10000,0.0,0,0.0,0.0,0.0,5,0.0,0.5,gini_recompensas,stake,0.789417,0.003737,30,0
20260703-154604,21,G10,concentracao_de_recompensas,200,pareto,2.0,100,21,1.0,30,10000,0.0,0,0.0,0.0,0.0,5,0.0,0.5,gini_recompensas,eleito,0.0,0.0,30,0
20260703-154604,21,G10,concentracao_de_recompensas,200,pareto,2.0,100,21,1.0,30,10000,0.0,0,0.0,0.0,0.0,5,0.0,0.5,gini_recompensas,produzido,0.0,0.0,30,0
20260703-154604,21,G10,concentracao_de_recompensas,200,pareto,2.0,100,21,1.0,30,10000,0.0,0,0.0,0.0,0.0,5,0.0,0.5,numero_efetivo,stake,27.258424,0.314089,30,0
20260703-154604,21,G10,concentracao_de_recompensas,200,pareto,2.0,100,21,1.0,30,10000,0.0,0,0.0,0.0,0.0,5,0.0,0.5,numero_efetivo,eleito,20.97093,0.017353,30,0
20260703-154604,21,G10,concentracao_de_recompensas,200,pareto,2.0,100,21,1.0,30,10000,0.0,0,0.0,0.0,0.0,5,0.0,0.5,numero_efetivo,produzido,20.931849,0.015622,30,0
20260703-154604,22,G10,concentracao_de_recompensas,200,pareto,2.0,100,21,1.0,30,10000,0.0,0,0.0,0.0,0.0,10,0.0,0.0,gini_recompensas,stake,0.328824,0.017508,30,0
20260703-154604,22,G10,concentracao_de_recompensas,200,pareto,2.0,100,21,1.0,30,10000,0.0,0,0.0,0.0,0.0,10,0.0,0.0,gini_recompensas,eleito,0.0,0.0,30,0
20260703-154604,22,G10,concentracao_de_recompensas,200,pareto,2.0,100,21,1.0,30,10000,0.0,0,0.0,0.0,0.0,10,0.0,0.0,gini_recompensas,produzido,0.0,0.0,30,0
20260703-154604,22,G10,concentracao_de_recompensas,200,pareto,2.0,100,21,1.0,30,10000,0.0,0,0.0,0.0,0.0,10,0.0,0.0,numero_efetivo,stake,104.067899,10.590756,30,0
20260703-154604,22,G10,concentracao_de_recompensas,200,pareto,2.0,100,21,1.0,30,10000,0.0,0,0.0,0.0,0.0,10,0.0,0.0,numero_efetivo,eleito,18.390411,0.212615,30,0
20260703-154604,22,G10,concentracao_de_recompensas,200,pareto,2.0,100,21,1.0,30,10000,0.0,0,0.0,0.0,0.0,10,0.0,0.0,numero_efetivo,produzido,18.377312,0.224334,30,0
20260703-154604,23,G10,concentracao_de_recompensas,200,pareto,2.0,100,21,1.0,30,10000,0.0,0,0.0,0.0,0.0,10,0.0,0.25,gini_recompensas,stake,0.822517,0.002628,30,0
20260703-154604,23,G10,concentracao_de_recompensas,200,pareto,2.0,100,21,1.0,30,10000,0.0,0,0.0,0.0,0.0,10,0.0,0.25,gini_recompensas,eleito,0.0,0.0,30,0
20260703-154604,23,G10,concentracao_de_recompensas,200,pareto,2.0,100,21,1.0,30,10000,0.0,0,0.0,0.0,0.0,10,0.0,0.25,gini_recompensas,produzido,0.0,0.0,30,0
20260703-154604,23,G10,concentracao_de_recompensas,200,pareto,2.0,100,21,1.0,30,10000,0.0,0,0.0,0.0,0.0,10,0.0,0.25,numero_efetivo,stake,25.210041,0.172039,30,0
20260703-154604,23,G10,concentracao_de_recompensas,200,pareto,2.0,100,21,1.0,30,10000,0.0,0,0.0,0.0,0.0,10,0.0,0.25,numero_efetivo,eleito,20.989322,0.013726,30,0
20260703-154604,23,G10,concentracao_de_recompensas,200,pareto,2.0,100,21,1.0,30,10000,0.0,0,0.0,0.0,0.0,10,0.0,0.25,numero_efetivo,produzido,20.945156,0.013624,30,0
20260703-154604,24,G10,concentracao_de_recompensas,200,pareto,2.0,100,21,1.0,30,10000,0.0,0,0.0,0.0,0.0,10,0.0,0.5,gini_recompensas,stake,0.881707,0.000508,30,0
20260703-154604,24,G10,concentracao_de_recompensas,200,pareto,2.0,100,21,1.0,30,10000,0.0,0,0.0,0.0,0.0,10,0.0,0.5,gini_recompensas,eleito,0.0,0.0,30,0
20260703-154604,24,G10,concentracao_de_recompensas,200,pareto,2.0,100,21,1.0,30,10000,0.0,0,0.0,0.0,0.0,10,0.0,0.5,gini_recompensas,produzido,0.0,0.0,30,0
20260703-154604,24,G10,concentracao_de_recompensas,200,pareto,2.0,100,21,1.0,30,10000,0.0,0,0.0,0.0,0.0,10,0.0,0.5,numero_efetivo,stake,21.750076,0.020655,30,0
20260703-154604,24,G10,concentracao_de_recompensas,200,pareto,2.0,100,21,1.0,30,10000,0.0,0,0.0,0.0,0.0,10,0.0,0.5,numero_efetivo,eleito,21.0,0.0,30,0
20260703-154604,24,G10,concentracao_de_recompensas,200,pareto,2.0,100,21,1.0,30,10000,0.0,0,0.0,0.0,0.0,10,0.0,0.5,numero_efetivo,produzido,20.957541,0.004118,30,0
20260703-154604,25,G10,concentracao_de_recompensas,200,pareto,2.0,100,21,1.0,30,10000,0.0,0,0.0,0.0,0.0,20,0.0,0.0,gini_recompensas,stake,0.328824,0.017508,30,0
20260703-154604,25,G10,concentracao_de_recompensas,200,pareto,2.0,100,21,1.0,30,10000,0.0,0,0.0,0.0,0.0,20,0.0,0.0,gini_recompensas,eleito,0.0,0.0,30,0
20260703-154604,25,G10,concentracao_de_recompensas,200,pareto,2.0,100,21,1.0,30,10000,0.0,0,0.0,0.0,0.0,20,0.0,0.0,gini_recompensas,produzido,0.0,0.0,30,0
20260703-154604,25,G10,concentracao_de_recompensas,200,pareto,2.0,100,21,1.0,30,10000,0.0,0,0.0,0.0,0.0,20,0.0,0.0,numero_efetivo,stake,104.067899,10.590756,30,0
20260703-154604,25,G10,concentracao_de_recompensas,200,pareto,2.0,100,21,1.0,30,10000,0.0,0,0.0,0.0,0.0,20,0.0,0.0,numero_efetivo,eleito,18.380944,0.229019,30,0
20260703-154604,25,G10,concentracao_de_recompensas,200,pareto,2.0,100,21,1.0,30,10000,0.0,0,0.0,0.0,0.0,20,0.0,0.0,numero_efetivo,produzido,18.372601,0.222737,30,0
20260703-154604,26,G10,concentracao_de_recompensas,200,pareto,2.0,100,21,1.0,30,10000,0.0,0,0.0,0.0,0.0,20,0.0,0.25,gini_recompensas,stake,0.887693,0.000302,30,0
20260703-154604,26,G10,concentracao_de_recompensas,200,pareto,2.0,100,21,1.0,30,10000,0.0,0,0.0,0.0,0.0,20,0.0,0.25,gini_recompensas,eleito,0.0,0.0,30,0
20260703-154604,26,G10,concentracao_de_recompensas,200,pareto,2.0,100,21,1.0,30,10000,0.0,0,0.0,0.0,0.0,20,0.0,0.25,gini_recompensas,produzido,0.0,0.0,30,0
20260703-154604,26,G10,concentracao_de_recompensas,200,pareto,2.0,100,21,1.0,30,10000,0.0,0,0.0,0.0,0.0,20,0.0,0.25,numero_efetivo,stake,21.414951,0.010906,30,0
20260703-154604,26,G10,concentracao_de_recompensas,200,pareto,2.0,100,21,1.0,30,10000,0.0,0,0.0,0.0,0.0,20,0.0,0.25,numero_efetivo,eleito,21.0,0.0,30,0
20260703-154604,26,G10,concentracao_de_recompensas,200,pareto,2.0,100,21,1.0,30,10000,0.0,0,0.0,0.0,0.0,20,0.0,0.25,numero_efetivo,produzido,20.958075,0.004349,30,0
20260703-154604,27,G10,concentracao_de_recompensas,200,pareto,2.0,100,21,1.0,30,10000,0.0,0,0.0,0.0,0.0,20,0.0,0.5,gini_recompensas,stake,0.8958,7e-05,30,0
20260703-154604,27,G10,concentracao_de_recompensas,200,pareto,2.0,100,21,1.0,30,10000,0.0,0,0.0,0.0,0.0,20,0.0,0.5,gini_recompensas,eleito,0.0,0.0,30,0
20260703-154604,27,G10,concentracao_de_recompensas,200,pareto,2.0,100,21,1.0,30,10000,0.0,0,0.0,0.0,0.0,20,0.0,0.5,gini_recompensas,produzido,0.0,0.0,30,0
20260703-154604,27,G10,concentracao_de_recompensas,200,pareto,2.0,100,21,1.0,30,10000,0.0,0,0.0,0.0,0.0,20,0.0,0.5,numero_efetivo,stake,21.005861,0.00105,30,0
20260703-154604,27,G10,concentracao_de_recompensas,200,pareto,2.0,100,21,1.0,30,10000,0.0,0,0.0,0.0,0.0,20,0.0,0.5,numero_efetivo,eleito,21.0,0.0,30,0
20260703-154604,27,G10,concentracao_de_recompensas,200,pareto,2.0,100,21,1.0,30,10000,0.0,0,0.0,0.0,0.0,20,0.0,0.5,numero_efetivo,produzido,20.959415,0.004412,30,0
20260703-154604,28,G10,concentracao_de_recompensas,500,pareto,1.1,100,21,1.0,30,10000,0.0,0,0.0,0.0,0.0,5,0.0,0.0,gini_recompensas,stake,0.678047,0.026447,30,0
20260703-154604,28,G10,concentracao_de_recompensas,500,pareto,1.1,100,21,1.0,30,10000,0.0,0,0.0,0.0,0.0,5,0.0,0.0,gini_recompensas,eleito,0.0,0.0,30,0
20260703-154604,28,G10,concentracao_de_recompensas,500,pareto,1.1,100,21,1.0,30,10000,0.0,0,0.0,0.0,0.0,5,0.0,0.0,gini_recompensas,produzido,0.0,0.0,30,0
20260703-154604,28,G10,concentracao_de_recompensas,500,pareto,1.1,100,21,1.0,30,10000,0.0,0,0.0,0.0,0.0,5,0.0,0.0,numero_efetivo,stake,37.860879,10.791739,30,0
20260703-154604,28,G10,concentracao_de_recompensas,500,pareto,1.1,100,21,1.0,30,10000,0.0,0,0.0,0.0,0.0,5,0.0,0.0,numero_efetivo,eleito,17.403487,0.452217,30,0
20260703-154604,28,G10,concentracao_de_recompensas,500,pareto,1.1,100,21,1.0,30,10000,0.0,0,0.0,0.0,0.0,5,0.0,0.0,numero_efetivo,produzido,17.340253,0.431679,30,0
20260703-154604,29,G10,concentracao_de_recompensas,500,pareto,1.1,100,21,1.0,30,10000,0.0,0,0.0,0.0,0.0,5,0.0,0.25,gini_recompensas,stake,0.846948,0.010886,30,0
20260703-154604,29,G10,concentracao_de_recompensas,500,pareto,1.1,100,21,1.0,30,10000,0.0,0,0.0,0.0,0.0,5,0.0,0.25,gini_recompensas,eleito,0.0,0.0,30,0
20260703-154604,29,G10,concentracao_de_recompensas,500,pareto,1.1,100,21,1.0,30,10000,0.0,0,0.0,0.0,0.0,5,0.0,0.25,gini_recompensas,produzido,0.0,0.0,30,0
20260703-154604,29,G10,concentracao_de_recompensas,500,pareto,1.1,100,21,1.0,30,10000,0.0,0,0.0,0.0,0.0,5,0.0,0.25,numero_efetivo,stake,25.572087,2.482819,30,0
20260703-154604,29,G10,concentracao_de_recompensas,500,pareto,1.1,100,21,1.0,30,10000,0.0,0,0.0,0.0,0.0,5,0.0,0.25,numero_efetivo,eleito,19.915805,0.255732,30,0
20260703-154604,29,G10,concentracao_de_recompensas,500,pareto,1.1,100,21,1.0,30,10000,0.0,0,0.0,0.0,0.0,5,0.0,0.25,numero_efetivo,produzido,19.849946,0.25835,30,0
20260703-154604,30,G10,concentracao_de_recompensas,500,pareto,1.1,100,21,1.0,30,10000,0.0,0,0.0,0.0,0.0,5,0.0,0.5,gini_recompensas,stake,0.906439,0.005486,30,0
20260703-154604,30,G10,concentracao_de_recompensas,500,pareto,1.1,100,21,1.0,30,10000,0.0,0,0.0,0.0,0.0,5,0.0,0.5,gini_recompensas,eleito,0.0,0.0,30,0
20260703-154604,30,G10,concentracao_de_recompensas,500,pareto,1.1,100,21,1.0,30,10000,0.0,0,0.0,0.0,0.0,5,0.0,0.5,gini_recompensas,produzido,0.0,0.0,30,0
20260703-154604,30,G10,concentracao_de_recompensas,500,pareto,1.1,100,21,1.0,30,10000,0.0,0,0.0,0.0,0.0,5,0.0,0.5,numero_efetivo,stake,23.372166,0.912466,30,0
20260703-154604,30,G10,concentracao_de_recompensas,500,pareto,1.1,100,21,1.0,30,10000,0.0,0,0.0,0.0,0.0,5,0.0,0.5,numero_efetivo,eleito,20.585943,0.156275,30,0
20260703-154604,30,G10,concentracao_de_recompensas,500,pareto,1.1,100,21,1.0,30,10000,0.0,0,0.0,0.0,0.0,5,0.0,0.5,numero_efetivo,produzido,20.539176,0.153295,30,0
20260703-154604,31,G10,concentracao_de_recompensas,500,pareto,1.1,100,21,1.0,30,10000,0.0,0,0.0,0.0,0.0,10,0.0,0.0,gini_recompensas,stake,0.678047,0.026447,30,0
20260703-154604,31,G10,concentracao_de_recompensas,500,pareto,1.1,100,21,1.0,30,10000,0.0,0,0.0,0.0,0.0,10,0.0,0.0,gini_recompensas,eleito,0.0,0.0,30,0
20260703-154604,31,G10,concentracao_de_recompensas,500,pareto,1.1,100,21,1.0,30,10000,0.0,0,0.0,0.0,0.0,10,0.0,0.0,gini_recompensas,produzido,0.0,0.0,30,0
20260703-154604,31,G10,concentracao_de_recompensas,500,pareto,1.1,100,21,1.0,30,10000,0.0,0,0.0,0.0,0.0,10,0.0,0.0,numero_efetivo,stake,37.860879,10.791739,30,0
20260703-154604,31,G10,concentracao_de_recompensas,500,pareto,1.1,100,21,1.0,30,10000,0.0,0,0.0,0.0,0.0,10,0.0,0.0,numero_efetivo,eleito,17.52874,0.479284,30,0
20260703-154604,31,G10,concentracao_de_recompensas,500,pareto,1.1,100,21,1.0,30,10000,0.0,0,0.0,0.0,0.0,10,0.0,0.0,numero_efetivo,produzido,17.525296,0.477698,30,0
20260703-154604,32,G10,concentracao_de_recompensas,500,pareto,1.1,100,21,1.0,30,10000,0.0,0,0.0,0.0,0.0,10,0.0,0.25,gini_recompensas,stake,0.923321,0.0039,30,0
20260703-154604,32,G10,concentracao_de_recompensas,500,pareto,1.1,100,21,1.0,30,10000,0.0,0,0.0,0.0,0.0,10,0.0,0.25,gini_recompensas,eleito,0.0,0.0,30,0
20260703-154604,32,G10,concentracao_de_recompensas,500,pareto,1.1,100,21,1.0,30,10000,0.0,0,0.0,0.0,0.0,10,0.0,0.25,gini_recompensas,produzido,0.0,0.0,30,0
20260703-154604,32,G10,concentracao_de_recompensas,500,pareto,1.1,100,21,1.0,30,10000,0.0,0,0.0,0.0,0.0,10,0.0,0.25,numero_efetivo,stake,22.823284,0.568901,30,0
20260703-154604,32,G10,concentracao_de_recompensas,500,pareto,1.1,100,21,1.0,30,10000,0.0,0,0.0,0.0,0.0,10,0.0,0.25,numero_efetivo,eleito,20.644614,0.155481,30,0
20260703-154604,32,G10,concentracao_de_recompensas,500,pareto,1.1,100,21,1.0,30,10000,0.0,0,0.0,0.0,0.0,10,0.0,0.25,numero_efetivo,produzido,20.603972,0.155236,30,0
20260703-154604,33,G10,concentracao_de_recompensas,500,pareto,1.1,100,21,1.0,30,10000,0.0,0,0.0,0.0,0.0,10,0.0,0.5,gini_recompensas,stake,0.951968,0.000919,30,0
20260703-154604,33,G10,concentracao_de_recompensas,500,pareto,1.1,100,21,1.0,30,10000,0.0,0,0.0,0.0,0.0,10,0.0,0.5,gini_recompensas,eleito,0.0,0.0,30,0
20260703-154604,33,G10,concentracao_de_recompensas,500,pareto,1.1,100,21,1.0,30,10000,0.0,0,0.0,0.0,0.0,10,0.0,0.5,gini_recompensas,produzido,0.0,0.0,30,0
20260703-154604,33,G10,concentracao_de_recompensas,500,pareto,1.1,100,21,1.0,30,10000,0.0,0,0.0,0.0,0.0,10,0.0,0.5,numero_efetivo,stake,21.345193,0.12611,30,0
20260703-154604,33,G10,concentracao_de_recompensas,500,pareto,1.1,100,21,1.0,30,10000,0.0,0,0.0,0.0,0.0,10,0.0,0.5,numero_efetivo,eleito,20.899523,0.064268,30,0
20260703-154604,33,G10,concentracao_de_recompensas,500,pareto,1.1,100,21,1.0,30,10000,0.0,0,0.0,0.0,0.0,10,0.0,0.5,numero_efetivo,produzido,20.856727,0.067546,30,0
20260703-154604,34,G10,concentracao_de_recompensas,500,pareto,1.1,100,21,1.0,30,10000,0.0,0,0.0,0.0,0.0,20,0.0,0.0,gini_recompensas,stake,0.678047,0.026447,30,0
20260703-154604,34,G10,concentracao_de_recompensas,500,pareto,1.1,100,21,1.0,30,10000,0.0,0,0.0,0.0,0.0,20,0.0,0.0,gini_recompensas,eleito,0.0,0.0,30,0
20260703-154604,34,G10,concentracao_de_recompensas,500,pareto,1.1,100,21,1.0,30,10000,0.0,0,0.0,0.0,0.0,20,0.0,0.0,gini_recompensas,produzido,0.0,0.0,30,0
20260703-154604,34,G10,concentracao_de_recompensas,500,pareto,1.1,100,21,1.0,30,10000,0.0,0,0.0,0.0,0.0,20,0.0,0.0,numero_efetivo,stake,37.860879,10.791739,30,0
20260703-154604,34,G10,concentracao_de_recompensas,500,pareto,1.1,100,21,1.0,30,10000,0.0,0,0.0,0.0,0.0,20,0.0,0.0,numero_efetivo,eleito,17.628832,0.403932,30,0
20260703-154604,34,G10,concentracao_de_recompensas,500,pareto,1.1,100,21,1.0,30,10000,0.0,0,0.0,0.0,0.0,20,0.0,0.0,numero_efetivo,produzido,17.566383,0.399716,30,0
20260703-154604,35,G10,concentracao_de_recompensas,500,pareto,1.1,100,21,1.0,30,10000,0.0,0,0.0,0.0,0.0,20,0.0,0.25,gini_recompensas,stake,0.95479,0.00058,30,0
20260703-154604,35,G10,concentracao_de_recompensas,500,pareto,1.1,100,21,1.0,30,10000,0.0,0,0.0,0.0,0.0,20,0.0,0.25,gini_recompensas,eleito,0.0,0.0,30,0
20260703-154604,35,G10,concentracao_de_recompensas,500,pareto,1.1,100,21,1.0,30,10000,0.0,0,0.0,0.0,0.0,20,0.0,0.25,gini_recompensas,produzido,0.0,0.0,30,0
20260703-154604,35,G10,concentracao_de_recompensas,500,pareto,1.1,100,21,1.0,30,10000,0.0,0,0.0,0.0,0.0,20,0.0,0.25,numero_efetivo,stake,21.195893,0.087098,30,0
20260703-154604,35,G10,concentracao_de_recompensas,500,pareto,1.1,100,21,1.0,30,10000,0.0,0,0.0,0.0,0.0,20,0.0,0.25,numero_efetivo,eleito,20.945553,0.057911,30,0
20260703-154604,35,G10,concentracao_de_recompensas,500,pareto,1.1,100,21,1.0,30,10000,0.0,0,0.0,0.0,0.0,20,0.0,0.25,numero_efetivo,produzido,20.901871,0.059028,30,0
20260703-154604,36,G10,concentracao_de_recompensas,500,pareto,1.1,100,21,1.0,30,10000,0.0,0,0.0,0.0,0.0,20,0.0,0.5,gini_recompensas,stake,0.958357,3.9e-05,30,0
20260703-154604,36,G10,concentracao_de_recompensas,500,pareto,1.1,100,21,1.0,30,10000,0.0,0,0.0,0.0,0.0,20,0.0,0.5,gini_recompensas,eleito,0.0,0.0,30,0
20260703-154604,36,G10,concentracao_de_recompensas,500,pareto,1.1,100,21,1.0,30,10000,0.0,0,0.0,0.0,0.0,20,0.0,0.5,gini_recompensas,produzido,0.0,0.0,30,0
20260703-154604,36,G10,concentracao_de_recompensas,500,pareto,1.1,100,21,1.0,30,10000,0.0,0,0.0,0.0,0.0,20,0.0,0.5,numero_efetivo,stake,21.00014,0.001906,30,0
20260703-154604,36,G10,concentracao_de_recompensas,500,pareto,1.1,100,21,1.0,30,10000,0.0,0,0.0,0.0,0.0,20,0.0,0.5,numero_efetivo,eleito,21.0,0.0,30,0
20260703-154604,36,G10,concentracao_de_recompensas,500,pareto,1.1,100,21,1.0,30,10000,0.0,0,0.0,0.0,0.0,20,0.0,0.5,numero_efetivo,produzido,20.957445,0.004561,30,0
20260703-154604,37,G10,concentracao_de_recompensas,500,pareto,1.5,100,21,1.0,30,10000,0.0,0,0.0,0.0,0.0,5,0.0,0.0,gini_recompensas,stake,0.466722,0.017473,30,0
20260703-154604,37,G10,concentracao_de_recompensas,500,pareto,1.5,100,21,1.0,30,10000,0.0,0,0.0,0.0,0.0,5,0.0,0.0,gini_recompensas,eleito,0.0,0.0,30,0
20260703-154604,37,G10,concentracao_de_recompensas,500,pareto,1.5,100,21,1.0,30,10000,0.0,0,0.0,0.0,0.0,5,0.0,0.0,gini_recompensas,produzido,0.0,0.0,30,0
20260703-154604,37,G10,concentracao_de_recompensas,500,pareto,1.5,100,21,1.0,30,10000,0.0,0,0.0,0.0,0.0,5,0.0,0.0,numero_efetivo,stake,115.616247,20.868411,30,0
20260703-154604,37,G10,concentracao_de_recompensas,500,pareto,1.5,100,21,1.0,30,10000,0.0,0,0.0,0.0,0.0,5,0.0,0.0,numero_efetivo,eleito,18.079195,0.257754,30,0
20260703-154604,37,G10,concentracao_de_recompensas,500,pareto,1.5,100,21,1.0,30,10000,0.0,0,0.0,0.0,0.0,5,0.0,0.0,numero_efetivo,produzido,18.018546,0.243186,30,0
20260703-154604,38,G10,concentracao_de_recompensas,500,pareto,1.5,100,21,1.0,30,10000,0.0,0,0.0,0.0,0.0,5,0.0,0.25,gini_recompensas,stake,0.75977,0.007284,30,0
20260703-154604,38,G10,concentracao_de_recompensas,500,pareto,1.5,100,21,1.0,30,10000,0.0,0,0.0,0.0,0.0,5,0.0,0.25,gini_recompensas,eleito,0.0,0.0,30,0
20260703-154604,38,G10,concentracao_de_recompensas,500,pareto,1.5,100,21,1.0,30,10000,0.0,0,0.0,0.0,0.0,5,0.0,0.25,gini_recompensas,produzido,0.0,0.0,30,0
20260703-154604,38,G10,concentracao_de_recompensas,500,pareto,1.5,100,21,1.0,30,10000,0.0,0,0.0,0.0,0.0,5,0.0,0.25,numero_efetivo,stake,37.007026,1.523381,30,0
20260703-154604,38,G10,concentracao_de_recompensas,500,pareto,1.5,100,21,1.0,30,10000,0.0,0,0.0,0.0,0.0,5,0.0,0.25,numero_efetivo,eleito,20.729871,0.090278,30,0
20260703-154604,38,G10,concentracao_de_recompensas,500,pareto,1.5,100,21,1.0,30,10000,0.0,0,0.0,0.0,0.0,5,0.0,0.25,numero_efetivo,produzido,20.679888,0.091334,30,0
20260703-154604,39,G10,concentracao_de_recompensas,500,pareto,1.5,100,21,1.0,30,10000,0.0,0,0.0,0.0,0.0,5,0.0,0.5,gini_recompensas,stake,0.863553,0.00362,30,0
20260703-154604,39,G10,concentracao_de_recompensas,500,pareto,1.5,100,21,1.0,30,10000,0.0,0,0.0,0.0,0.0,5,0.0,0.5,gini_recompensas,eleito,0.0,0.0,30,0
20260703-154604,39,G10,concentracao_de_recompensas,500,pareto,1.5,100,21,1.0,30,10000,0.0,0,0.0,0.0,0.0,5,0.0,0.5,gini_recompensas,produzido,0.0,0.0,30,0
20260703-154604,39,G10,concentracao_de_recompensas,500,pareto,1.5,100,21,1.0,30,10000,0.0,0,0.0,0.0,0.0,5,0.0,0.5,numero_efetivo,stake,27.269534,0.420425,30,0
20260703-154604,39,G10,concentracao_de_recompensas,500,pareto,1.5,100,21,1.0,30,10000,0.0,0,0.0,0.0,0.0,5,0.0,0.5,numero_efetivo,eleito,20.969014,0.018286,30,0
20260703-154604,39,G10,concentracao_de_recompensas,500,pareto,1.5,100,21,1.0,30,10000,0.0,0,0.0,0.0,0.0,5,0.0,0.5,numero_efetivo,produzido,20.925624,0.021287,30,0
20260703-154604,40,G10,concentracao_de_recompensas,500,pareto,1.5,100,21,1.0,30,10000,0.0,0,0.0,0.0,0.0,10,0.0,0.0,gini_recompensas,stake,0.466722,0.017473,30,0
20260703-154604,40,G10,concentracao_de_recompensas,500,pareto,1.5,100,21,1.0,30,10000,0.0,0,0.0,0.0,0.0,10,0.0,0.0,gini_recompensas,eleito,0.0,0.0,30,0
20260703-154604,40,G10,concentracao_de_recompensas,500,pareto,1.5,100,21,1.0,30,10000,0.0,0,0.0,0.0,0.0,10,0.0,0.0,gini_recompensas,produzido,0.0,0.0,30,0
20260703-154604,40,G10,concentracao_de_recompensas,500,pareto,1.5,100,21,1.0,30,10000,0.0,0,0.0,0.0,0.0,10,0.0,0.0,numero_efetivo,stake,115.616247,20.868411,30,0
20260703-154604,40,G10,concentracao_de_recompensas,500,pareto,1.5,100,21,1.0,30,10000,0.0,0,0.0,0.0,0.0,10,0.0,0.0,numero_efetivo,eleito,18.08564,0.238787,30,0
20260703-154604,40,G10,concentracao_de_recompensas,500,pareto,1.5,100,21,1.0,30,10000,0.0,0,0.0,0.0,0.0,10,0.0,0.0,numero_efetivo,produzido,18.079445,0.234396,30,0
20260703-154604,41,G10,concentracao_de_recompensas,500,pareto,1.5,100,21,1.0,30,10000,0.0,0,0.0,0.0,0.0,10,0.0,0.25,gini_recompensas,stake,0.893497,0.002475,30,0
20260703-154604,41,G10,concentracao_de_recompensas,500,pareto,1.5,100,21,1.0,30,10000,0.0,0,0.0,0.0,0.0,10,0.0,0.25,gini_recompensas,eleito,0.0,0.0,30,0
20260703-154604,41,G10,concentracao_de_recompensas,500,pareto,1.5,100,21,1.0,30,10000,0.0,0,0.0,0.0,0.0,10,0.0,0.25,gini_recompensas,produzido,0.0,0.0,30,0
20260703-154604,41,G10,concentracao_de_recompensas,500,pareto,1.5,100,21,1.0,30,10000,0.0,0,0.0,0.0,0.0,10,0.0,0.25,numero_efetivo,stake,25.238316,0.231871,30,0
20260703-154604,41,G10,concentracao_de_recompensas,500,pareto,1.5,100,21,1.0,30,10000,0.0,0,0.0,0.0,0.0,10,0.0,0.25,numero_efetivo,eleito,20.952733,0.056751,30,0
20260703-154604,41,G10,concentracao_de_recompensas,500,pareto,1.5,100,21,1.0,30,10000,0.0,0,0.0,0.0,0.0,10,0.0,0.25,numero_efetivo,produzido,20.916748,0.050381,30,0
20260703-154604,42,G10,concentracao_de_recompensas,500,pareto,1.5,100,21,1.0,30,10000,0.0,0,0.0,0.0,0.0,10,0.0,0.5,gini_recompensas,stake,0.945786,0.000483,30,0
20260703-154604,42,G10,concentracao_de_recompensas,500,pareto,1.5,100,21,1.0,30,10000,0.0,0,0.0,0.0,0.0,10,0.0,0.5,gini_recompensas,eleito,0.0,0.0,30,0
20260703-154604,42,G10,concentracao_de_recompensas,500,pareto,1.5,100,21,1.0,30,10000,0.0,0,0.0,0.0,0.0,10,0.0,0.5,gini_recompensas,produzido,0.0,0.0,30,0
20260703-154604,42,G10,concentracao_de_recompensas,500,pareto,1.5,100,21,1.0,30,10000,0.0,0,0.0,0.0,0.0,10,0.0,0.5,numero_efetivo,stake,21.761606,0.025935,30,0
20260703-154604,42,G10,concentracao_de_recompensas,500,pareto,1.5,100,21,1.0,30,10000,0.0,0,0.0,0.0,0.0,10,0.0,0.5,numero_efetivo,eleito,21.0,0.0,30,0
20260703-154604,42,G10,concentracao_de_recompensas,500,pareto,1.5,100,21,1.0,30,10000,0.0,0,0.0,0.0,0.0,10,0.0,0.5,numero_efetivo,produzido,20.959206,0.003924,30,0
20260703-154604,43,G10,concentracao_de_recompensas,500,pareto,1.5,100,21,1.0,30,10000,0.0,0,0.0,0.0,0.0,20,0.0,0.0,gini_recompensas,stake,0.466722,0.017473,30,0
20260703-154604,43,G10,concentracao_de_recompensas,500,pareto,1.5,100,21,1.0,30,10000,0.0,0,0.0,0.0,0.0,20,0.0,0.0,gini_recompensas,eleito,0.0,0.0,30,0
20260703-154604,43,G10,concentracao_de_recompensas,500,pareto,1.5,100,21,1.0,30,10000,0.0,0,0.0,0.0,0.0,20,0.0,0.0,gini_recompensas,produzido,0.0,0.0,30,0
20260703-154604,43,G10,concentracao_de_recompensas,500,pareto,1.5,100,21,1.0,30,10000,0.0,0,0.0,0.0,0.0,20,0.0,0.0,numero_efetivo,stake,115.616247,20.868411,30,0
20260703-154604,43,G10,concentracao_de_recompensas,500,pareto,1.5,100,21,1.0,30,10000,0.0,0,0.0,0.0,0.0,20,0.0,0.0,numero_efetivo,eleito,18.055151,0.271549,30,0
20260703-154604,43,G10,concentracao_de_recompensas,500,pareto,1.5,100,21,1.0,30,10000,0.0,0,0.0,0.0,0.0,20,0.0,0.0,numero_efetivo,produzido,17.969331,0.279243,30,0
20260703-154604,44,G10,concentracao_de_recompensas,500,pareto,1.5,100,21,1.0,30,10000,0.0,0,0.0,0.0,0.0,20,0.0,0.25,gini_recompensas,stake,0.951305,0.000292,30,0
20260703-154604,44,G10,concentracao_de_recompensas,500,pareto,1.5,100,21,1.0,30,10000,0.0,0,0.0,0.0,0.0,20,0.0,0.25,gini_recompensas,eleito,0.0,0.0,30,0
20260703-154604,44,G10,concentracao_de_recompensas,500,pareto,1.5,100,21,1.0,30,10000,0.0,0,0.0,0.0,0.0,20,0.0,0.25,gini_recompensas,produzido,0.0,0.0,30,0
20260703-154604,44,G10,concentracao_de_recompensas,500,pareto,1.5,100,21,1.0,30,10000,0.0,0,0.0,0.0,0.0,20,0.0,0.25,numero_efetivo,stake,21.415709,0.020718,30,0
20260703-154604,44,G10,concentracao_de_recompensas,500,pareto,1.5,100,21,1.0,30,10000,0.0,0,0.0,0.0,0.0,20,0.0,0.25,numero_efetivo,eleito,20.998005,0.003911,30,0
20260703-154604,44,G10,concentracao_de_recompensas,500,pareto,1.5,100,21,1.0,30,10000,0.0,0,0.0,0.0,0.0,20,0.0,0.25,numero_efetivo,produzido,20.957514,0.004962,30,0
20260703-154604,45,G10,concentracao_de_recompensas,500,pareto,1.5,100,21,1.0,30,10000,0.0,0,0.0,0.0,0.0,20,0.0,0.5,gini_recompensas,stake,0.958249,3.1e-05,30,0
20260703-154604,45,G10,concentracao_de_recompensas,500,pareto,1.5,100,21,1.0,30,10000,0.0,0,0.0,0.0,0.0,20,0.0,0.5,gini_recompensas,eleito,0.0,0.0,30,0
20260703-154604,45,G10,concentracao_de_recompensas,500,pareto,1.5,100,21,1.0,30,10000,0.0,0,0.0,0.0,0.0,20,0.0,0.5,gini_recompensas,produzido,0.0,0.0,30,0
20260703-154604,45,G10,concentracao_de_recompensas,500,pareto,1.5,100,21,1.0,30,10000,0.0,0,0.0,0.0,0.0,20,0.0,0.5,numero_efetivo,stake,21.004518,0.001199,30,0
20260703-154604,45,G10,concentracao_de_recompensas,500,pareto,1.5,100,21,1.0,30,10000,0.0,0,0.0,0.0,0.0,20,0.0,0.5,numero_efetivo,eleito,21.0,0.0,30,0
20260703-154604,45,G10,concentracao_de_recompensas,500,pareto,1.5,100,21,1.0,30,10000,0.0,0,0.0,0.0,0.0,20,0.0,0.5,numero_efetivo,produzido,20.957734,0.004893,30,0
20260703-154604,46,G10,concentracao_de_recompensas,500,pareto,2.0,100,21,1.0,30,10000,0.0,0,0.0,0.0,0.0,5,0.0,0.0,gini_recompensas,stake,0.323551,0.010722,30,0
20260703-154604,46,G10,concentracao_de_recompensas,500,pareto,2.0,100,21,1.0,30,10000,0.0,0,0.0,0.0,0.0,5,0.0,0.0,gini_recompensas,eleito,0.0,0.0,30,0
20260703-154604,46,G10,concentracao_de_recompensas,500,pareto,2.0,100,21,1.0,30,10000,0.0,0,0.0,0.0,0.0,5,0.0,0.0,gini_recompensas,produzido,0.0,0.0,30,0
20260703-154604,46,G10,concentracao_de_recompensas,500,pareto,2.0,100,21,1.0,30,10000,0.0,0,0.0,0.0,0.0,5,0.0,0.0,numero_efetivo,stake,242.10849,21.556803,30,0
20260703-154604,46,G10,concentracao_de_recompensas,500,pareto,2.0,100,21,1.0,30,10000,0.0,0,0.0,0.0,0.0,5,0.0,0.0,numero_efetivo,eleito,18.378828,0.229438,30,0
20260703-154604,46,G10,concentracao_de_recompensas,500,pareto,2.0,100,21,1.0,30,10000,0.0,0,0.0,0.0,0.0,5,0.0,0.0,numero_efetivo,produzido,18.347014,0.220947,30,0
20260703-154604,47,G10,concentracao_de_recompensas,500,pareto,2.0,100,21,1.0,30,10000,0.0,0,0.0,0.0,0.0,5,0.0,0.25,gini_recompensas,stake,0.700527,0.004468,30,0
20260703-154604,47,G10,concentracao_de_recompensas,500,pareto,2.0,100,21,1.0,30,10000,0.0,0,0.0,0.0,0.0,5,0.0,0.25,gini_recompensas,eleito,0.0,0.0,30,0
20260703-154604,47,G10,concentracao_de_recompensas,500,pareto,2.0,100,21,1.0,30,10000,0.0,0,0.0,0.0,0.0,5,0.0,0.25,gini_recompensas,produzido,0.0,0.0,30,0
20260703-154604,47,G10,concentracao_de_recompensas,500,pareto,2.0,100,21,1.0,30,10000,0.0,0,0.0,0.0,0.0,5,0.0,0.25,numero_efetivo,stake,44.266193,0.755847,30,0
20260703-154604,47,G10,concentracao_de_recompensas,500,pareto,2.0,100,21,1.0,30,10000,0.0,0,0.0,0.0,0.0,5,0.0,0.25,numero_efetivo,eleito,20.936296,0.01929,30,0
20260703-154604,47,G10,concentracao_de_recompensas,500,pareto,2.0,100,21,1.0,30,10000,0.0,0,0.0,0.0,0.0,5,0.0,0.25,numero_efetivo,produzido,20.891035,0.023099,30,0
20260703-154604,48,G10,concentracao_de_recompensas,500,pareto,2.0,100,21,1.0,30,10000,0.0,0,0.0,0.0,0.0,5,0.0,0.5,gini_recompensas,stake,0.834537,0.002199,30,0
20260703-154604,48,G10,concentracao_de_recompensas,500,pareto,2.0,100,21,1.0,30,10000,0.0,0,0.0,0.0,0.0,5,0.0,0.5,gini_recompensas,eleito,0.0,0.0,30,0
20260703-154604,48,G10,concentracao_de_recompensas,500,pareto,2.0,100,21,1.0,30,10000,0.0,0,0.0,0.0,0.0,5,0.0,0.5,gini_recompensas,produzido,0.0,0.0,30,0
20260703-154604,48,G10,concentracao_de_recompensas,500,pareto,2.0,100,21,1.0,30,10000,0.0,0,0.0,0.0,0.0,5,0.0,0.5,numero_efetivo,stake,29.259562,0.18256,30,0
20260703-154604,48,G10,concentracao_de_recompensas,500,pareto,2.0,100,21,1.0,30,10000,0.0,0,0.0,0.0,0.0,5,0.0,0.5,numero_efetivo,eleito,20.998332,0.001729,30,0
20260703-154604,48,G10,concentracao_de_recompensas,500,pareto,2.0,100,21,1.0,30,10000,0.0,0,0.0,0.0,0.0,5,0.0,0.5,numero_efetivo,produzido,20.956404,0.00602,30,0
20260703-154604,49,G10,concentracao_de_recompensas,500,pareto,2.0,100,21,1.0,30,10000,0.0,0,0.0,0.0,0.0,10,0.0,0.0,gini_recompensas,stake,0.323551,0.010722,30,0
20260703-154604,49,G10,concentracao_de_recompensas,500,pareto,2.0,100,21,1.0,30,10000,0.0,0,0.0,0.0,0.0,10,0.0,0.0,gini_recompensas,eleito,0.0,0.0,30,0
20260703-154604,49,G10,concentracao_de_recompensas,500,pareto,2.0,100,21,1.0,30,10000,0.0,0,0.0,0.0,0.0,10,0.0,0.0,gini_recompensas,produzido,0.0,0.0,30,0
20260703-154604,49,G10,concentracao_de_recompensas,500,pareto,2.0,100,21,1.0,30,10000,0.0,0,0.0,0.0,0.0,10,0.0,0.0,numero_efetivo,stake,242.10849,21.556803,30,0
20260703-154604,49,G10,concentracao_de_recompensas,500,pareto,2.0,100,21,1.0,30,10000,0.0,0,0.0,0.0,0.0,10,0.0,0.0,numero_efetivo,eleito,18.400491,0.223834,30,0
20260703-154604,49,G10,concentracao_de_recompensas,500,pareto,2.0,100,21,1.0,30,10000,0.0,0,0.0,0.0,0.0,10,0.0,0.0,numero_efetivo,produzido,18.405066,0.230961,30,0
20260703-154604,50,G10,concentracao_de_recompensas,500,pareto,2.0,100,21,1.0,30,10000,0.0,0,0.0,0.0,0.0,10,0.0,0.25,gini_recompensas,stake,0.873766,0.001474,30,0
20260703-154604,50,G10,concentracao_de_recompensas,500,pareto,2.0,100,21,1.0,30,10000,0.0,0,0.0,0.0,0.0,10,0.0,0.25,gini_recompensas,eleito,0.0,0.0,30,0
20260703-154604,50,G10,concentracao_de_recompensas,500,pareto,2.0,100,21,1.0,30,10000,0.0,0,0.0,0.0,0.0,10,0.0,0.25,gini_recompensas,produzido,0.0,0.0,30,0
20260703-154604,50,G10,concentracao_de_recompensas,500,pareto,2.0,100,21,1.0,30,10000,0.0,0,0.0,0.0,0.0,10,0.0,0.25,numero_efetivo,stake,26.305711,0.08557,30,0
20260703-154604,50,G10,concentracao_de_recompensas,500,pareto,2.0,100,21,1.0,30,10000,0.0,0,0.0,0.0,0.0,10,0.0,0.25,numero_efetivo,eleito,21.0,0.0,30,0
20260703-154604,50,G10,concentracao_de_recompensas,500,pareto,2.0,100,21,1.0,30,10000,0.0,0,0.0,0.0,0.0,10,0.0,0.25,numero_efetivo,produzido,20.959717,0.004086,30,0
20260703-154604,51,G10,concentracao_de_recompensas,500,pareto,2.0,100,21,1.0,30,10000,0.0,0,0.0,0.0,0.0,10,0.0,0.5,gini_recompensas,stake,0.941994,0.000285,30,0
20260703-154604,51,G10,concentracao_de_recompensas,500,pareto,2.0,100,21,1.0,30,10000,0.0,0,0.0,0.0,0.0,10,0.0,0.5,gini_recompensas,eleito,0.0,0.0,30,0
20260703-154604,51,G10,concentracao_de_recompensas,500,pareto,2.0,100,21,1.0,30,10000,0.0,0,0.0,0.0,0.0,10,0.0,0.5,gini_recompensas,produzido,0.0,0.0,30,0
20260703-154604,51,G10,concentracao_de_recompensas,500,pareto,2.0,100,21,1.0,30,10000,0.0,0,0.0,0.0,0.0,10,0.0,0.5,numero_efetivo,stake,21.898183,0.011409,30,0
20260703-154604,51,G10,concentracao_de_recompensas,500,pareto,2.0,100,21,1.0,30,10000,0.0,0,0.0,0.0,0.0,10,0.0,0.5,numero_efetivo,eleito,21.0,0.0,30,0
20260703-154604,51,G10,concentracao_de_recompensas,500,pareto,2.0,100,21,1.0,30,10000,0.0,0,0.0,0.0,0.0,10,0.0,0.5,numero_efetivo,produzido,20.958872,0.003959,30,0
20260703-154604,52,G10,concentracao_de_recompensas,500,pareto,2.0,100,21,1.0,30,10000,0.0,0,0.0,0.0,0.0,20,0.0,0.0,gini_recompensas,stake,0.323551,0.010722,30,0
20260703-154604,52,G10,concentracao_de_recompensas,500,pareto,2.0,100,21,1.0,30,10000,0.0,0,0.0,0.0,0.0,20,0.0,0.0,gini_recompensas,eleito,0.0,0.0,30,0
20260703-154604,52,G10,concentracao_de_recompensas,500,pareto,2.0,100,21,1.0,30,10000,0.0,0,0.0,0.0,0.0,20,0.0,0.0,gini_recompensas,produzido,0.0,0.0,30,0
20260703-154604,52,G10,concentracao_de_recompensas,500,pareto,2.0,100,21,1.0,30,10000,0.0,0,0.0,0.0,0.0,20,0.0,0.0,numero_efetivo,stake,242.10849,21.556803,30,0
20260703-154604,52,G10,concentracao_de_recompensas,500,pareto,2.0,100,21,1.0,30,10000,0.0,0,0.0,0.0,0.0,20,0.0,0.0,numero_efetivo,eleito,18.354762,0.236334,30,0
20260703-154604,52,G10,concentracao_de_recompensas,500,pareto,2.0,100,21,1.0,30,10000,0.0,0,0.0,0.0,0.0,20,0.0,0.0,numero_efetivo,produzido,18.301543,0.244827,30,0
20260703-154604,53,G10,concentracao_de_recompensas,500,pareto,2.0,100,21,1.0,30,10000,0.0,0,0.0,0.0,0.0,20,0.0,0.25,gini_recompensas,stake,0.949188,0.000163,30,0
20260703-154604,53,G10,concentracao_de_recompensas,500,pareto,2.0,100,21,1.0,30,10000,0.0,0,0.0,0.0,0.0,20,0.0,0.25,gini_recompensas,eleito,0.0,0.0,30,0
20260703-154604,53,G10,concentracao_de_recompensas,500,pareto,2.0,100,21,1.0,30,10000,0.0,0,0.0,0.0,0.0,20,0.0,0.25,gini_recompensas,produzido,0.0,0.0,30,0
20260703-154604,53,G10,concentracao_de_recompensas,500,pareto,2.0,100,21,1.0,30,10000,0.0,0,0.0,0.0,0.0,20,0.0,0.25,numero_efetivo,stake,21.492458,0.006166,30,0
20260703-154604,53,G10,concentracao_de_recompensas,500,pareto,2.0,100,21,1.0,30,10000,0.0,0,0.0,0.0,0.0,20,0.0,0.25,numero_efetivo,eleito,21.0,0.0,30,0
20260703-154604,53,G10,concentracao_de_recompensas,500,pareto,2.0,100,21,1.0,30,10000,0.0,0,0.0,0.0,0.0,20,0.0,0.25,numero_efetivo,produzido,20.95855,0.004716,30,0
20260703-154604,54,G10,concentracao_de_recompensas,500,pareto,2.0,100,21,1.0,30,10000,0.0,0,0.0,0.0,0.0,20,0.0,0.5,gini_recompensas,stake,0.958192,2.7e-05,30,0
20260703-154604,54,G10,concentracao_de_recompensas,500,pareto,2.0,100,21,1.0,30,10000,0.0,0,0.0,0.0,0.0,20,0.0,0.5,gini_recompensas,eleito,0.0,0.0,30,0
20260703-154604,54,G10,concentracao_de_recompensas,500,pareto,2.0,100,21,1.0,30,10000,0.0,0,0.0,0.0,0.0,20,0.0,0.5,gini_recompensas,produzido,0.0,0.0,30,0
20260703-154604,54,G10,concentracao_de_recompensas,500,pareto,2.0,100,21,1.0,30,10000,0.0,0,0.0,0.0,0.0,20,0.0,0.5,numero_efetivo,stake,21.006428,0.00098,30,0
20260703-154604,54,G10,concentracao_de_recompensas,500,pareto,2.0,100,21,1.0,30,10000,0.0,0,0.0,0.0,0.0,20,0.0,0.5,numero_efetivo,eleito,21.0,0.0,30,0
20260703-154604,54,G10,concentracao_de_recompensas,500,pareto,2.0,100,21,1.0,30,10000,0.0,0,0.0,0.0,0.0,20,0.0,0.5,numero_efetivo,produzido,20.957825,0.004968,30,0
20260703-154604,55,G10,concentracao_de_recompensas,1000,pareto,1.1,100,21,1.0,30,10000,0.0,0,0.0,0.0,0.0,5,0.0,0.0,gini_recompensas,stake,0.690632,0.02227,30,0
20260703-154604,55,G10,concentracao_de_recompensas,1000,pareto,1.1,100,21,1.0,30,10000,0.0,0,0.0,0.0,0.0,5,0.0,0.0,gini_recompensas,eleito,0.0,0.0,30,0
20260703-154604,55,G10,concentracao_de_recompensas,1000,pareto,1.1,100,21,1.0,30,10000,0.0,0,0.0,0.0,0.0,5,0.0,0.0,gini_recompensas,produzido,0.0,0.0,30,0
20260703-154604,55,G10,concentracao_de_recompensas,1000,pareto,1.1,100,21,1.0,30,10000,0.0,0,0.0,0.0,0.0,5,0.0,0.0,numero_efetivo,stake,47.249174,13.387034,30,0
20260703-154604,55,G10,concentracao_de_recompensas,1000,pareto,1.1,100,21,1.0,30,10000,0.0,0,0.0,0.0,0.0,5,0.0,0.0,numero_efetivo,eleito,17.244699,0.606617,30,0
20260703-154604,55,G10,concentracao_de_recompensas,1000,pareto,1.1,100,21,1.0,30,10000,0.0,0,0.0,0.0,0.0,5,0.0,0.0,numero_efetivo,produzido,17.23428,0.61176,30,0
20260703-154604,56,G10,concentracao_de_recompensas,1000,pareto,1.1,100,21,1.0,30,10000,0.0,0,0.0,0.0,0.0,5,0.0,0.25,gini_recompensas,stake,0.862897,0.009288,30,0
20260703-154604,56,G10,concentracao_de_recompensas,1000,pareto,1.1,100,21,1.0,30,10000,0.0,0,0.0,0.0,0.0,5,0.0,0.25,gini_recompensas,eleito,0.0,0.0,30,0
20260703-154604,56,G10,concentracao_de_recompensas,1000,pareto,1.1,100,21,1.0,30,10000,0.0,0,0.0,0.0,0.0,5,0.0,0.25,gini_recompensas,produzido,0.0,0.0,30,0
20260703-154604,56,G10,concentracao_de_recompensas,1000,pareto,1.1,100,21,1.0,30,10000,0.0,0,0.0,0.0,0.0,5,0.0,0.25,numero_efetivo,stake,27.835354,2.407839,30,0
20260703-154604,56,G10,concentracao_de_recompensas,1000,pareto,1.1,100,21,1.0,30,10000,0.0,0,0.0,0.0,0.0,5,0.0,0.25,numero_efetivo,eleito,20.129678,0.228477,30,0
20260703-154604,56,G10,concentracao_de_recompensas,1000,pareto,1.1,100,21,1.0,30,10000,0.0,0,0.0,0.0,0.0,5,0.0,0.25,numero_efetivo,produzido,20.095557,0.228561,30,0
20260703-154604,57,G10,concentracao_de_recompensas,1000,pareto,1.1,100,21,1.0,30,10000,0.0,0,0.0,0.0,0.0,5,0.0,0.5,gini_recompensas,stake,0.924034,0.004666,30,0
20260703-154604,57,G10,concentracao_de_recompensas,1000,pareto,1.1,100,21,1.0,30,10000,0.0,0,0.0,0.0,0.0,5,0.0,0.5,gini_recompensas,eleito,0.0,0.0,30,0
20260703-154604,57,G10,concentracao_de_recompensas,1000,pareto,1.1,100,21,1.0,30,10000,0.0,0,0.0,0.0,0.0,5,0.0,0.5,gini_recompensas,produzido,0.0,0.0,30,0
20260703-154604,57,G10,concentracao_de_recompensas,1000,pareto,1.1,100,21,1.0,30,10000,0.0,0,0.0,0.0,0.0,5,0.0,0.5,numero_efetivo,stake,24.073227,1.044546,30,0
20260703-154604,57,G10,concentracao_de_recompensas,1000,pareto,1.1,100,21,1.0,30,10000,0.0,0,0.0,0.0,0.0,5,0.0,0.5,numero_efetivo,eleito,20.653048,0.191384,30,0
20260703-154604,57,G10,concentracao_de_recompensas,1000,pareto,1.1,100,21,1.0,30,10000,0.0,0,0.0,0.0,0.0,5,0.0,0.5,numero_efetivo,produzido,20.618043,0.192191,30,0
20260703-154604,58,G10,concentracao_de_recompensas,1000,pareto,1.1,100,21,1.0,30,10000,0.0,0,0.0,0.0,0.0,10,0.0,0.0,gini_recompensas,stake,0.690632,0.02227,30,0
20260703-154604,58,G10,concentracao_de_recompensas,1000,pareto,1.1,100,21,1.0,30,10000,0.0,0,0.0,0.0,0.0,10,0.0,0.0,gini_recompensas,eleito,0.0,0.0,30,0
20260703-154604,58,G10,concentracao_de_recompensas,1000,pareto,1.1,100,21,1.0,30,10000,0.0,0,0.0,0.0,0.0,10,0.0,0.0,gini_recompensas,produzido,0.0,0.0,30,0
20260703-154604,58,G10,concentracao_de_recompensas,1000,pareto,1.1,100,21,1.0,30,10000,0.0,0,0.0,0.0,0.0,10,0.0,0.0,numero_efetivo,stake,47.249174,13.387034,30,0
20260703-154604,58,G10,concentracao_de_recompensas,1000,pareto,1.1,100,21,1.0,30,10000,0.0,0,0.0,0.0,0.0,10,0.0,0.0,numero_efetivo,eleito,17.277509,0.48463,30,0
20260703-154604,58,G10,concentracao_de_recompensas,1000,pareto,1.1,100,21,1.0,30,10000,0.0,0,0.0,0.0,0.0,10,0.0,0.0,numero_efetivo,produzido,17.238733,0.494146,30,0
20260703-154604,59,G10,concentracao_de_recompensas,1000,pareto,1.1,100,21,1.0,30,10000,0.0,0,0.0,0.0,0.0,10,0.0,0.25,gini_recompensas,stake,0.941668,0.003219,30,0
20260703-154604,59,G10,concentracao_de_recompensas,1000,pareto,1.1,100,21,1.0,30,10000,0.0,0,0.0,0.0,0.0,10,0.0,0.25,gini_recompensas,eleito,0.0,0.0,30,0
20260703-154604,59,G10,concentracao_de_recompensas,1000,pareto,1.1,100,21,1.0,30,10000,0.0,0,0.0,0.0,0.0,10,0.0,0.25,gini_recompensas,produzido,0.0,0.0,30,0
20260703-154604,59,G10,concentracao_de_recompensas,1000,pareto,1.1,100,21,1.0,30,10000,0.0,0,0.0,0.0,0.0,10,0.0,0.25,numero_efetivo,stake,23.365907,0.630178,30,0
20260703-154604,59,G10,concentracao_de_recompensas,1000,pareto,1.1,100,21,1.0,30,10000,0.0,0,0.0,0.0,0.0,10,0.0,0.25,numero_efetivo,eleito,20.746285,0.153306,30,0
20260703-154604,59,G10,concentracao_de_recompensas,1000,pareto,1.1,100,21,1.0,30,10000,0.0,0,0.0,0.0,0.0,10,0.0,0.25,numero_efetivo,produzido,20.697286,0.157918,30,0
20260703-154604,60,G10,concentracao_de_recompensas,1000,pareto,1.1,100,21,1.0,30,10000,0.0,0,0.0,0.0,0.0,10,0.0,0.5,gini_recompensas,stake,0.972078,0.00074,30,0
20260703-154604,60,G10,concentracao_de_recompensas,1000,pareto,1.1,100,21,1.0,30,10000,0.0,0,0.0,0.0,0.0,10,0.0,0.5,gini_recompensas,eleito,0.0,0.0,30,0
20260703-154604,60,G10,concentracao_de_recompensas,1000,pareto,1.1,100,21,1.0,30,10000,0.0,0,0.0,0.0,0.0,10,0.0,0.5,gini_recompensas,produzido,0.0,0.0,30,0
20260703-154604,60,G10,concentracao_de_recompensas,1000,pareto,1.1,100,21,1.0,30,10000,0.0,0,0.0,0.0,0.0,10,0.0,0.5,numero_efetivo,stake,21.448338,0.15041,30,0
20260703-154604,60,G10,concentracao_de_recompensas,1000,pareto,1.1,100,21,1.0,30,10000,0.0,0,0.0,0.0,0.0,10,0.0,0.5,numero_efetivo,eleito,20.960619,0.038967,30,0
20260703-154604,60,G10,concentracao_de_recompensas,1000,pareto,1.1,100,21,1.0,30,10000,0.0,0,0.0,0.0,0.0,10,0.0,0.5,numero_efetivo,produzido,20.917429,0.042908,30,0
20260703-154604,61,G10,concentracao_de_recompensas,1000,pareto,1.1,100,21,1.0,30,10000,0.0,0,0.0,0.0,0.0,20,0.0,0.0,gini_recompensas,stake,0.690632,0.02227,30,0
20260703-154604,61,G10,concentracao_de_recompensas,1000,pareto,1.1,100,21,1.0,30,10000,0.0,0,0.0,0.0,0.0,20,0.0,0.0,gini_recompensas,eleito,0.0,0.0,30,0
20260703-154604,61,G10,concentracao_de_recompensas,1000,pareto,1.1,100,21,1.0,30,10000,0.0,0,0.0,0.0,0.0,20,0.0,0.0,gini_recompensas,produzido,0.0,0.0,30,0
20260703-154604,61,G10,concentracao_de_recompensas,1000,pareto,1.1,100,21,1.0,30,10000,0.0,0,0.0,0.0,0.0,20,0.0,0.0,numero_efetivo,stake,47.249174,13.387034,30,0
20260703-154604,61,G10,concentracao_de_recompensas,1000,pareto,1.1,100,21,1.0,30,10000,0.0,0,0.0,0.0,0.0,20,0.0,0.0,numero_efetivo,eleito,17.159884,0.57612,30,0
20260703-154604,61,G10,concentracao_de_recompensas,1000,pareto,1.1,100,21,1.0,30,10000,0.0,0,0.0,0.0,0.0,20,0.0,0.0,numero_efetivo,produzido,17.171781,0.574194,30,0
20260703-154604,62,G10,concentracao_de_recompensas,1000,pareto,1.1,100,21,1.0,30,10000,0.0,0,0.0,0.0,0.0,20,0.0,0.25,gini_recompensas,stake,0.975179,0.000399,30,0
20260703-154604,62,G10,concentracao_de_recompensas,1000,pareto,1.1,100,21,1.0,30,10000,0.0,0,0.0,0.0,0.0,20,0.0,0.25,gini_recompensas,eleito,0.0,0.0,30,0
20260703-154604,62,G10,concentracao_de_recompensas,1000,pareto,1.1,100,21,1.0,30,10000,0.0,0,0.0,0.0,0.0,20,0.0,0.25,gini_recompensas,produzido,0.0,0.0,30,0
20260703-154604,62,G10,concentracao_de_recompensas,1000,pareto,1.1,100,21,1.0,30,10000,0.0,0,0.0,0.0,0.0,20,0.0,0.25,numero_efetivo,stake,21.26535,0.083265,30,0
20260703-154604,62,G10,concentracao_de_recompensas,1000,pareto,1.1,100,21,1.0,30,10000,0.0,0,0.0,0.0,0.0,20,0.0,0.25,numero_efetivo,eleito,20.953681,0.065999,30,0
20260703-154604,62,G10,concentracao_de_recompensas,1000,pareto,1.1,100,21,1.0,30,10000,0.0,0,0.0,0.0,0.0,20,0.0,0.25,numero_efetivo,produzido,20.914035,0.065639,30,0
20260703-154604,63,G10,concentracao_de_recompensas,1000,pareto,1.1,100,21,1.0,30,10000,0.0,0,0.0,0.0,0.0,20,0.0,0.5,gini_recompensas,stake,0.979097,1.8e-05,30,0
20260703-154604,63,G10,concentracao_de_recompensas,1000,pareto,1.1,100,21,1.0,30,10000,0.0,0,0.0,0.0,0.0,20,0.0,0.5,gini_recompensas,eleito,0.0,0.0,30,0
20260703-154604,63,G10,concentracao_de_recompensas,1000,pareto,1.1,100,21,1.0,30,10000,0.0,0,0.0,0.0,0.0,20,0.0,0.5,gini_recompensas,produzido,0.0,0.0,30,0
20260703-154604,63,G10,concentracao_de_recompensas,1000,pareto,1.1,100,21,1.0,30,10000,0.0,0,0.0,0.0,0.0,20,0.0,0.5,numero_efetivo,stake,21.002362,0.001161,30,0
20260703-154604,63,G10,concentracao_de_recompensas,1000,pareto,1.1,100,21,1.0,30,10000,0.0,0,0.0,0.0,0.0,20,0.0,0.5,numero_efetivo,eleito,21.0,0.0,30,0
20260703-154604,63,G10,concentracao_de_recompensas,1000,pareto,1.1,100,21,1.0,30,10000,0.0,0,0.0,0.0,0.0,20,0.0,0.5,numero_efetivo,produzido,20.958806,0.0044,30,0
20260703-154604,64,G10,concentracao_de_recompensas,1000,pareto,1.5,100,21,1.0,30,10000,0.0,0,0.0,0.0,0.0,5,0.0,0.0,gini_recompensas,stake,0.469584,0.014395,30,0
20260703-154604,64,G10,concentracao_de_recompensas,1000,pareto,1.5,100,21,1.0,30,10000,0.0,0,0.0,0.0,0.0,5,0.0,0.0,gini_recompensas,eleito,0.0,0.0,30,0
20260703-154604,64,G10,concentracao_de_recompensas,1000,pareto,1.5,100,21,1.0,30,10000,0.0,0,0.0,0.0,0.0,5,0.0,0.0,gini_recompensas,produzido,0.0,0.0,30,0
20260703-154604,64,G10,concentracao_de_recompensas,1000,pareto,1.5,100,21,1.0,30,10000,0.0,0,0.0,0.0,0.0,5,0.0,0.0,numero_efetivo,stake,188.41885,31.359791,30,0
20260703-154604,64,G10,concentracao_de_recompensas,1000,pareto,1.5,100,21,1.0,30,10000,0.0,0,0.0,0.0,0.0,5,0.0,0.0,numero_efetivo,eleito,17.977635,0.302267,30,0
20260703-154604,64,G10,concentracao_de_recompensas,1000,pareto,1.5,100,21,1.0,30,10000,0.0,0,0.0,0.0,0.0,5,0.0,0.0,numero_efetivo,produzido,17.993926,0.308673,30,0
20260703-154604,65,G10,concentracao_de_recompensas,1000,pareto,1.5,100,21,1.0,30,10000,0.0,0,0.0,0.0,0.0,5,0.0,0.25,gini_recompensas,stake,0.771763,0.005986,30,0
20260703-154604,65,G10,concentracao_de_recompensas,1000,pareto,1.5,100,21,1.0,30,10000,0.0,0,0.0,0.0,0.0,5,0.0,0.25,gini_recompensas,eleito,0.0,0.0,30,0
20260703-154604,65,G10,concentracao_de_recompensas,1000,pareto,1.5,100,21,1.0,30,10000,0.0,0,0.0,0.0,0.0,5,0.0,0.25,gini_recompensas,produzido,0.0,0.0,30,0
20260703-154604,65,G10,concentracao_de_recompensas,1000,pareto,1.5,100,21,1.0,30,10000,0.0,0,0.0,0.0,0.0,5,0.0,0.25,numero_efetivo,stake,40.837598,1.544329,30,0
20260703-154604,65,G10,concentracao_de_recompensas,1000,pareto,1.5,100,21,1.0,30,10000,0.0,0,0.0,0.0,0.0,5,0.0,0.25,numero_efetivo,eleito,20.863435,0.059583,30,0
20260703-154604,65,G10,concentracao_de_recompensas,1000,pareto,1.5,100,21,1.0,30,10000,0.0,0,0.0,0.0,0.0,5,0.0,0.25,numero_efetivo,produzido,20.829299,0.062837,30,0
20260703-154604,66,G10,concentracao_de_recompensas,1000,pareto,1.5,100,21,1.0,30,10000,0.0,0,0.0,0.0,0.0,5,0.0,0.5,gini_recompensas,stake,0.87957,0.002952,30,0
20260703-154604,66,G10,concentracao_de_recompensas,1000,pareto,1.5,100,21,1.0,30,10000,0.0,0,0.0,0.0,0.0,5,0.0,0.5,gini_recompensas,eleito,0.0,0.0,30,0
20260703-154604,66,G10,concentracao_de_recompensas,1000,pareto,1.5,100,21,1.0,30,10000,0.0,0,0.0,0.0,0.0,5,0.0,0.5,gini_recompensas,produzido,0.0,0.0,30,0
20260703-154604,66,G10,concentracao_de_recompensas,1000,pareto,1.5,100,21,1.0,30,10000,0.0,0,0.0,0.0,0.0,5,0.0,0.5,numero_efetivo,stake,28.308613,0.432608,30,0
20260703-154604,66,G10,concentracao_de_recompensas,1000,pareto,1.5,100,21,1.0,30,10000,0.0,0,0.0,0.0,0.0,5,0.0,0.5,numero_efetivo,eleito,20.985049,0.010842,30,0
20260703-154604,66,G10,concentracao_de_recompensas,1000,pareto,1.5,100,21,1.0,30,10000,0.0,0,0.0,0.0,0.0,5,0.0,0.5,numero_efetivo,produzido,20.946315,0.014075,30,0
20260703-154604,67,G10,concentracao_de_recompensas,1000,pareto,1.5,100,21,1.0,30,10000,0.0,0,0.0,0.0,0.0,10,0.0,0.0,gini_recompensas,stake,0.469584,0.014395,30,0
20260703-154604,67,G10,concentracao_de_recompensas,1000,pareto,1.5,100,21,1.0,30,10000,0.0,0,0.0,0.0,0.0,10,0.0,0.0,gini_recompensas,eleito,0.0,0.0,30,0
20260703-154604,67,G10,concentracao_de_recompensas,1000,pareto,1.5,100,21,1.0,30,10000,0.0,0,0.0,0.0,0.0,10,0.0,0.0,gini_recompensas,produzido,0.0,0.0,30,0
20260703-154604,67,G10,concentracao_de_recompensas,1000,pareto,1.5,100,21,1.0,30,10000,0.0,0,0.0,0.0,0.0,10,0.0,0.0,numero_efetivo,stake,188.41885,31.359791,30,0
20260703-154604,67,G10,concentracao_de_recompensas,1000,pareto,1.5,100,21,1.0,30,10000,0.0,0,0.0,0.0,0.0,10,0.0,0.0,numero_efetivo,eleito,17.934599,0.338937,30,0
20260703-154604,67,G10,concentracao_de_recompensas,1000,pareto,1.5,100,21,1.0,30,10000,0.0,0,0.0,0.0,0.0,10,0.0,0.0,numero_efetivo,produzido,17.886624,0.347758,30,0
20260703-154604,68,G10,concentracao_de_recompensas,1000,pareto,1.5,100,21,1.0,30,10000,0.0,0,0.0,0.0,0.0,10,0.0,0.25,gini_recompensas,stake,0.911217,0.001999,30,0
20260703-154604,68,G10,concentracao_de_recompensas,1000,pareto,1.5,100,21,1.0,30,10000,0.0,0,0.0,0.0,0.0,10,0.0,0.25,gini_recompensas,eleito,0.0,0.0,30,0
20260703-154604,68,G10,concentracao_de_recompensas,1000,pareto,1.5,100,21,1.0,30,10000,0.0,0,0.0,0.0,0.0,10,0.0,0.25,gini_recompensas,produzido,0.0,0.0,30,0
20260703-154604,68,G10,concentracao_de_recompensas,1000,pareto,1.5,100,21,1.0,30,10000,0.0,0,0.0,0.0,0.0,10,0.0,0.25,numero_efetivo,stake,25.863138,0.202107,30,0
20260703-154604,68,G10,concentracao_de_recompensas,1000,pareto,1.5,100,21,1.0,30,10000,0.0,0,0.0,0.0,0.0,10,0.0,0.25,numero_efetivo,eleito,20.994739,0.010312,30,0
20260703-154604,68,G10,concentracao_de_recompensas,1000,pareto,1.5,100,21,1.0,30,10000,0.0,0,0.0,0.0,0.0,10,0.0,0.25,numero_efetivo,produzido,20.951623,0.011914,30,0
20260703-154604,69,G10,concentracao_de_recompensas,1000,pareto,1.5,100,21,1.0,30,10000,0.0,0,0.0,0.0,0.0,10,0.0,0.5,gini_recompensas,stake,0.966012,0.000383,30,0
20260703-154604,69,G10,concentracao_de_recompensas,1000,pareto,1.5,100,21,1.0,30,10000,0.0,0,0.0,0.0,0.0,10,0.0,0.5,gini_recompensas,eleito,0.0,0.0,30,0
20260703-154604,69,G10,concentracao_de_recompensas,1000,pareto,1.5,100,21,1.0,30,10000,0.0,0,0.0,0.0,0.0,10,0.0,0.5,gini_recompensas,produzido,0.0,0.0,30,0
20260703-154604,69,G10,concentracao_de_recompensas,1000,pareto,1.5,100,21,1.0,30,10000,0.0,0,0.0,0.0,0.0,10,0.0,0.5,numero_efetivo,stake,21.843062,0.021917,30,0
20260703-154604,69,G10,concentracao_de_recompensas,1000,pareto,1.5,100,21,1.0,30,10000,0.0,0,0.0,0.0,0.0,10,0.0,0.5,numero_efetivo,eleito,21.0,0.0,30,0
20260703-154604,69,G10,concentracao_de_recompensas,1000,pareto,1.5,100,21,1.0,30,10000,0.0,0,0.0,0.0,0.0,10,0.0,0.5,numero_efetivo,produzido,20.95705,0.004962,30,0
20260703-154604,70,G10,concentracao_de_recompensas,1000,pareto,1.5,100,21,1.0,30,10000,0.0,0,0.0,0.0,0.0,20,0.0,0.0,gini_recompensas,stake,0.469584,0.014395,30,0
20260703-154604,70,G10,concentracao_de_recompensas,1000,pareto,1.5,100,21,1.0,30,10000,0.0,0,0.0,0.0,0.0,20,0.0,0.0,gini_recompensas,eleito,0.0,0.0,30,0
20260703-154604,70,G10,concentracao_de_recompensas,1000,pareto,1.5,100,21,1.0,30,10000,0.0,0,0.0,0.0,0.0,20,0.0,0.0,gini_recompensas,produzido,0.0,0.0,30,0
20260703-154604,70,G10,concentracao_de_recompensas,1000,pareto,1.5,100,21,1.0,30,10000,0.0,0,0.0,0.0,0.0,20,0.0,0.0,numero_efetivo,stake,188.41885,31.359791,30,0
20260703-154604,70,G10,concentracao_de_recompensas,1000,pareto,1.5,100,21,1.0,30,10000,0.0,0,0.0,0.0,0.0,20,0.0,0.0,numero_efetivo,eleito,17.953898,0.29666,30,0
20260703-154604,70,G10,concentracao_de_recompensas,1000,pareto,1.5,100,21,1.0,30,10000,0.0,0,0.0,0.0,0.0,20,0.0,0.0,numero_efetivo,produzido,17.979233,0.292108,30,0
20260703-154604,71,G10,concentracao_de_recompensas,1000,pareto,1.5,100,21,1.0,30,10000,0.0,0,0.0,0.0,0.0,20,0.0,0.25,gini_recompensas,stake,0.971825,0.000211,30,0
20260703-154604,71,G10,concentracao_de_recompensas,1000,pareto,1.5,100,21,1.0,30,10000,0.0,0,0.0,0.0,0.0,20,0.0,0.25,gini_recompensas,eleito,0.0,0.0,30,0
20260703-154604,71,G10,concentracao_de_recompensas,1000,pareto,1.5,100,21,1.0,30,10000,0.0,0,0.0,0.0,0.0,20,0.0,0.25,gini_recompensas,produzido,0.0,0.0,30,0
20260703-154604,71,G10,concentracao_de_recompensas,1000,pareto,1.5,100,21,1.0,30,10000,0.0,0,0.0,0.0,0.0,20,0.0,0.25,numero_efetivo,stake,21.464526,0.010639,30,0
20260703-154604,71,G10,concentracao_de_recompensas,1000,pareto,1.5,100,21,1.0,30,10000,0.0,0,0.0,0.0,0.0,20,0.0,0.25,numero_efetivo,eleito,21.0,0.0,30,0
20260703-154604,71,G10,concentracao_de_recompensas,1000,pareto,1.5,100,21,1.0,30,10000,0.0,0,0.0,0.0,0.0,20,0.0,0.25,numero_efetivo,produzido,20.959891,0.004206,30,0
20260703-154604,72,G10,concentracao_de_recompensas,1000,pareto,1.5,100,21,1.0,30,10000,0.0,0,0.0,0.0,0.0,20,0.0,0.5,gini_recompensas,stake,0.978997,1.4e-05,30,0
20260703-154604,72,G10,concentracao_de_recompensas,1000,pareto,1.5,100,21,1.0,30,10000,0.0,0,0.0,0.0,0.0,20,0.0,0.5,gini_recompensas,eleito,0.0,0.0,30,0
20260703-154604,72,G10,concentracao_de_recompensas,1000,pareto,1.5,100,21,1.0,30,10000,0.0,0,0.0,0.0,0.0,20,0.0,0.5,gini_recompensas,produzido,0.0,0.0,30,0
20260703-154604,72,G10,concentracao_de_recompensas,1000,pareto,1.5,100,21,1.0,30,10000,0.0,0,0.0,0.0,0.0,20,0.0,0.5,numero_efetivo,stake,21.006396,0.000889,30,0
20260703-154604,72,G10,concentracao_de_recompensas,1000,pareto,1.5,100,21,1.0,30,10000,0.0,0,0.0,0.0,0.0,20,0.0,0.5,numero_efetivo,eleito,21.0,0.0,30,0
20260703-154604,72,G10,concentracao_de_recompensas,1000,pareto,1.5,100,21,1.0,30,10000,0.0,0,0.0,0.0,0.0,20,0.0,0.5,numero_efetivo,produzido,20.960013,0.0044,30,0
20260703-154604,73,G10,concentracao_de_recompensas,1000,pareto,2.0,100,21,1.0,30,10000,0.0,0,0.0,0.0,0.0,5,0.0,0.0,gini_recompensas,stake,0.323075,0.008102,30,0
20260703-154604,73,G10,concentracao_de_recompensas,1000,pareto,2.0,100,21,1.0,30,10000,0.0,0,0.0,0.0,0.0,5,0.0,0.0,gini_recompensas,eleito,0.0,0.0,30,0
20260703-154604,73,G10,concentracao_de_recompensas,1000,pareto,2.0,100,21,1.0,30,10000,0.0,0,0.0,0.0,0.0,5,0.0,0.0,gini_recompensas,produzido,0.0,0.0,30,0
20260703-154604,73,G10,concentracao_de_recompensas,1000,pareto,2.0,100,21,1.0,30,10000,0.0,0,0.0,0.0,0.0,5,0.0,0.0,numero_efetivo,stake,456.593846,36.810568,30,0
20260703-154604,73,G10,concentracao_de_recompensas,1000,pareto,2.0,100,21,1.0,30,10000,0.0,0,0.0,0.0,0.0,5,0.0,0.0,numero_efetivo,eleito,18.345202,0.265254,30,0
20260703-154604,73,G10,concentracao_de_recompensas,1000,pareto,2.0,100,21,1.0,30,10000,0.0,0,0.0,0.0,0.0,5,0.0,0.0,numero_efetivo,produzido,18.354327,0.275954,30,0
20260703-154604,74,G10,concentracao_de_recompensas,1000,pareto,2.0,100,21,1.0,30,10000,0.0,0,0.0,0.0,0.0,5,0.0,0.25,gini_recompensas,stake,0.711368,0.003372,30,0
20260703-154604,74,G10,concentracao_de_recompensas,1000,pareto,2.0,100,21,1.0,30,10000,0.0,0,0.0,0.0,0.0,5,0.0,0.25,gini_recompensas,eleito,0.0,0.0,30,0
20260703-154604,74,G10,concentracao_de_recompensas,1000,pareto,2.0,100,21,1.0,30,10000,0.0,0,0.0,0.0,0.0,5,0.0,0.25,gini_recompensas,produzido,0.0,0.0,30,0
20260703-154604,74,G10,concentracao_de_recompensas,1000,pareto,2.0,100,21,1.0,30,10000,0.0,0,0.0,0.0,0.0,5,0.0,0.25,numero_efetivo,stake,48.358213,0.714625,30,0
20260703-154604,74,G10,concentracao_de_recompensas,1000,pareto,2.0,100,21,1.0,30,10000,0.0,0,0.0,0.0,0.0,5,0.0,0.25,numero_efetivo,eleito,20.983256,0.007786,30,0
20260703-154604,74,G10,concentracao_de_recompensas,1000,pareto,2.0,100,21,1.0,30,10000,0.0,0,0.0,0.0,0.0,5,0.0,0.25,numero_efetivo,produzido,20.943929,0.01039,30,0
20260703-154604,75,G10,concentracao_de_recompensas,1000,pareto,2.0,100,21,1.0,30,10000,0.0,0,0.0,0.0,0.0,5,0.0,0.5,gini_recompensas,stake,0.850254,0.001641,30,0
20260703-154604,75,G10,concentracao_de_recompensas,1000,pareto,2.0,100,21,1.0,30,10000,0.0,0,0.0,0.0,0.0,5,0.0,0.5,gini_recompensas,eleito,0.0,0.0,30,0
20260703-154604,75,G10,concentracao_de_recompensas,1000,pareto,2.0,100,21,1.0,30,10000,0.0,0,0.0,0.0,0.0,5,0.0,0.5,gini_recompensas,produzido,0.0,0.0,30,0
20260703-154604,75,G10,concentracao_de_recompensas,1000,pareto,2.0,100,21,1.0,30,10000,0.0,0,0.0,0.0,0.0,5,0.0,0.5,numero_efetivo,stake,30.192716,0.159275,30,0
20260703-154604,75,G10,concentracao_de_recompensas,1000,pareto,2.0,100,21,1.0,30,10000,0.0,0,0.0,0.0,0.0,5,0.0,0.5,numero_efetivo,eleito,20.999783,0.000425,30,0
20260703-154604,75,G10,concentracao_de_recompensas,1000,pareto,2.0,100,21,1.0,30,10000,0.0,0,0.0,0.0,0.0,5,0.0,0.5,numero_efetivo,produzido,20.962588,0.004527,30,0
20260703-154604,76,G10,concentracao_de_recompensas,1000,pareto,2.0,100,21,1.0,30,10000,0.0,0,0.0,0.0,0.0,10,0.0,0.0,gini_recompensas,stake,0.323075,0.008102,30,0
20260703-154604,76,G10,concentracao_de_recompensas,1000,pareto,2.0,100,21,1.0,30,10000,0.0,0,0.0,0.0,0.0,10,0.0,0.0,gini_recompensas,eleito,0.0,0.0,30,0
20260703-154604,76,G10,concentracao_de_recompensas,1000,pareto,2.0,100,21,1.0,30,10000,0.0,0,0.0,0.0,0.0,10,0.0,0.0,gini_recompensas,produzido,0.0,0.0,30,0
20260703-154604,76,G10,concentracao_de_recompensas,1000,pareto,2.0,100,21,1.0,30,10000,0.0,0,0.0,0.0,0.0,10,0.0,0.0,numero_efetivo,stake,456.593846,36.810568,30,0
20260703-154604,76,G10,concentracao_de_recompensas,1000,pareto,2.0,100,21,1.0,30,10000,0.0,0,0.0,0.0,0.0,10,0.0,0.0,numero_efetivo,eleito,18.346034,0.281416,30,0
20260703-154604,76,G10,concentracao_de_recompensas,1000,pareto,2.0,100,21,1.0,30,10000,0.0,0,0.0,0.0,0.0,10,0.0,0.0,numero_efetivo,produzido,18.309417,0.301627,30,0
20260703-154604,77,G10,concentracao_de_recompensas,1000,pareto,2.0,100,21,1.0,30,10000,0.0,0,0.0,0.0,0.0,10,0.0,0.25,gini_recompensas,stake,0.891344,0.001108,30,0
20260703-154604,77,G10,concentracao_de_recompensas,1000,pareto,2.0,100,21,1.0,30,10000,0.0,0,0.0,0.0,0.0,10,0.0,0.25,gini_recompensas,eleito,0.0,0.0,30,0
20260703-154604,77,G10,concentracao_de_recompensas,1000,pareto,2.0,100,21,1.0,30,10000,0.0,0,0.0,0.0,0.0,10,0.0,0.25,gini_recompensas,produzido,0.0,0.0,30,0
20260703-154604,77,G10,concentracao_de_recompensas,1000,pareto,2.0,100,21,1.0,30,10000,0.0,0,0.0,0.0,0.0,10,0.0,0.25,numero_efetivo,stake,26.807404,0.069216,30,0
20260703-154604,77,G10,concentracao_de_recompensas,1000,pareto,2.0,100,21,1.0,30,10000,0.0,0,0.0,0.0,0.0,10,0.0,0.25,numero_efetivo,eleito,21.0,0.0,30,0
20260703-154604,77,G10,concentracao_de_recompensas,1000,pareto,2.0,100,21,1.0,30,10000,0.0,0,0.0,0.0,0.0,10,0.0,0.25,numero_efetivo,produzido,20.95822,0.004576,30,0
20260703-154604,78,G10,concentracao_de_recompensas,1000,pareto,2.0,100,21,1.0,30,10000,0.0,0,0.0,0.0,0.0,10,0.0,0.5,gini_recompensas,stake,0.962183,0.000214,30,0
20260703-154604,78,G10,concentracao_de_recompensas,1000,pareto,2.0,100,21,1.0,30,10000,0.0,0,0.0,0.0,0.0,10,0.0,0.5,gini_recompensas,eleito,0.0,0.0,30,0
20260703-154604,78,G10,concentracao_de_recompensas,1000,pareto,2.0,100,21,1.0,30,10000,0.0,0,0.0,0.0,0.0,10,0.0,0.5,gini_recompensas,produzido,0.0,0.0,30,0
20260703-154604,78,G10,concentracao_de_recompensas,1000,pareto,2.0,100,21,1.0,30,10000,0.0,0,0.0,0.0,0.0,10,0.0,0.5,numero_efetivo,stake,21.966206,0.008727,30,0
20260703-154604,78,G10,concentracao_de_recompensas,1000,pareto,2.0,100,21,1.0,30,10000,0.0,0,0.0,0.0,0.0,10,0.0,0.5,numero_efetivo,eleito,21.0,0.0,30,0
20260703-154604,78,G10,concentracao_de_recompensas,1000,pareto,2.0,100,21,1.0,30,10000,0.0,0,0.0,0.0,0.0,10,0.0,0.5,numero_efetivo,produzido,20.957689,0.004388,30,0
20260703-154604,79,G10,concentracao_de_recompensas,1000,pareto,2.0,100,21,1.0,30,10000,0.0,0,0.0,0.0,0.0,20,0.0,0.0,gini_recompensas,stake,0.323075,0.008102,30,0
20260703-154604,79,G10,concentracao_de_recompensas,1000,pareto,2.0,100,21,1.0,30,10000,0.0,0,0.0,0.0,0.0,20,0.0,0.0,gini_recompensas,eleito,0.0,0.0,30,0
20260703-154604,79,G10,concentracao_de_recompensas,1000,pareto,2.0,100,21,1.0,30,10000,0.0,0,0.0,0.0,0.0,20,0.0,0.0,gini_recompensas,produzido,0.0,0.0,30,0
20260703-154604,79,G10,concentracao_de_recompensas,1000,pareto,2.0,100,21,1.0,30,10000,0.0,0,0.0,0.0,0.0,20,0.0,0.0,numero_efetivo,stake,456.593846,36.810568,30,0
20260703-154604,79,G10,concentracao_de_recompensas,1000,pareto,2.0,100,21,1.0,30,10000,0.0,0,0.0,0.0,0.0,20,0.0,0.0,numero_efetivo,eleito,18.338526,0.25687,30,0
20260703-154604,79,G10,concentracao_de_recompensas,1000,pareto,2.0,100,21,1.0,30,10000,0.0,0,0.0,0.0,0.0,20,0.0,0.0,numero_efetivo,produzido,18.351499,0.25817,30,0
20260703-154604,80,G10,concentracao_de_recompensas,1000,pareto,2.0,100,21,1.0,30,10000,0.0,0,0.0,0.0,0.0,20,0.0,0.25,gini_recompensas,stake,0.969717,0.000116,30,0
20260703-154604,80,G10,concentracao_de_recompensas,1000,pareto,2.0,100,21,1.0,30,10000,0.0,0,0.0,0.0,0.0,20,0.0,0.25,gini_recompensas,eleito,0.0,0.0,30,0
20260703-154604,80,G10,concentracao_de_recompensas,1000,pareto,2.0,100,21,1.0,30,10000,0.0,0,0.0,0.0,0.0,20,0.0,0.25,gini_recompensas,produzido,0.0,0.0,30,0
20260703-154604,80,G10,concentracao_de_recompensas,1000,pareto,2.0,100,21,1.0,30,10000,0.0,0,0.0,0.0,0.0,20,0.0,0.25,numero_efetivo,stake,21.528451,0.004415,30,0
20260703-154604,80,G10,concentracao_de_recompensas,1000,pareto,2.0,100,21,1.0,30,10000,0.0,0,0.0,0.0,0.0,20,0.0,0.25,numero_efetivo,eleito,21.0,0.0,30,0
20260703-154604,80,G10,concentracao_de_recompensas,1000,pareto,2.0,100,21,1.0,30,10000,0.0,0,0.0,0.0,0.0,20,0.0,0.25,numero_efetivo,produzido,20.96089,0.004436,30,0
20260703-154604,81,G10,concentracao_de_recompensas,1000,pareto,2.0,100,21,1.0,30,10000,0.0,0,0.0,0.0,0.0,20,0.0,0.5,gini_recompensas,stake,0.97893,1.3e-05,30,0
20260703-154604,81,G10,concentracao_de_recompensas,1000,pareto,2.0,100,21,1.0,30,10000,0.0,0,0.0,0.0,0.0,20,0.0,0.5,gini_recompensas,eleito,0.0,0.0,30,0
20260703-154604,81,G10,concentracao_de_recompensas,1000,pareto,2.0,100,21,1.0,30,10000,0.0,0,0.0,0.0,0.0,20,0.0,0.5,gini_recompensas,produzido,0.0,0.0,30,0
20260703-154604,81,G10,concentracao_de_recompensas,1000,pareto,2.0,100,21,1.0,30,10000,0.0,0,0.0,0.0,0.0,20,0.0,0.5,numero_efetivo,stake,21.008468,0.000813,30,0
20260703-154604,81,G10,concentracao_de_recompensas,1000,pareto,2.0,100,21,1.0,30,10000,0.0,0,0.0,0.0,0.0,20,0.0,0.5,numero_efetivo,eleito,21.0,0.0,30,0
20260703-154604,81,G10,concentracao_de_recompensas,1000,pareto,2.0,100,21,1.0,30,10000,0.0,0,0.0,0.0,0.0,20,0.0,0.5,numero_efetivo,produzido,20.958201,0.003968,30,0
